,Tweet Number,News Organization,Tweet,Compound Score,Positive Score,Negative Score,Neutral Score
0,0,@BBC,A wild banana that may hold the key to protecting the world's edible banana crop has been put on the extinction lis‚Ä¶ https://t.co/iU8sxtarEw,0.0,0.0,0.0,1.0
1,1,@BBC,"There she goes! üö¢ üåä

The RRS Sir David Attenborough - the UK's polar ship known to some as Boaty McBoatface - is la‚Ä¶ https://t.co/bYll3hTWpa",0.0,0.0,0.0,1.0
2,2,@BBC,"RT @bbctennis: Meghan Markle has arrived!

The crowd shouted her name as she made her way to Centre Court. She waved üëã

üíªüì± https://t.co/Xg5‚Ä¶",0.0,0.0,0.0,1.0
3,3,@BBC,"We all know a hipster restaurant that's taken things a bit too far... üôÑüòÇ 

https://t.co/0N3WTRIUVu",0.0,0.0,0.0,1.0
4,4,@BBC,"RT @1Xtra: Tonight 9pm @Drake x @CharlieSloth üî•ü¶Ç

#DrakeFITB https://t.co/LpqcF10QvH",0.0,0.0,0.0,1.0
5,5,@BBC,Sue Barker presents live coverage of Angelique Kerber vs Serena Williams in the women's singles final from Wimbledo‚Ä¶ https://t.co/hFtwDO5Ma3,0.0,0.0,0.0,1.0
6,6,@BBC,"üò≤The man with world's longest fingernails has had them cut off after 66 years. 

https://t.co/FmC6KX7ZKP",-0.2732,0.0,0.13,0.87
7,7,@BBC,"RT @CBeebiesHQ: Look WHO is in for tonight's #BedtimeStory ‚è≥üåÄ

@Pearlie_mack reads Ellie's Magic Wellies üìñ

@bbcdoctorwho

@AmySparkes

@Ea‚Ä¶",0.1027,0.076,0.0,0.924
8,8,@BBC,"This model was bitten by a shark while posing for a photo on holiday. üòÆü¶à
https://t.co/hQ5q69tVBZ https://t.co/TMYfQlnwto",0.4019,0.162,0.0,0.838
9,9,@BBC,"Meet the 8-year-old yoga expert who is winning national and international prizes. üßò‚Äç‚ôÇÔ∏è

https://t.co/Rn4flrc6vh",0.7506,0.348,0.0,0.652
10,10,@BBC,"‚ÄúIt‚Äôs a love museum ‚Äì just maybe upside down"". üíî

Welcome to the museum preserving the memories of broken hearts. üëâ‚Ä¶ https://t.co/KK5pBeeWWE",0.6249,0.274,0.118,0.608
11,11,@BBC,"71 years after her death, the UK's forgotten astronomer Annie Maunder is finally getting some recognition. ‚òÑüî≠üå†

https://t.co/fjWUaZC4zQ",-0.7003,0.0,0.266,0.734
12,12,@BBC,"Gary Barlow and his ten-piece band perform songs including Greatest Day, Back for Good and Rule the World against t‚Ä¶ https://t.co/xAcRAKlkmn",0.7964,0.272,0.0,0.728
13,13,@BBC,"The world's greatest classical musical festival is back! üé∂üéªüëè @bbcproms 2018

First Night of the Proms | 8:30pm |‚Ä¶ https://t.co/JKCkC5EMMs",0.8268,0.312,0.0,0.688
14,14,@BBC,"RT @BBCSport: This is some semi-final.

Watch Kevin Anderson and John Isner live on @BBCTwo and online.

https://t.co/gmKgD0Vwbx https://t.‚Ä¶",0.0,0.0,0.0,1.0
15,15,@BBC,"When someone gets sassy but you've got a killer comeback... üòÇüëè @robbrydon #WILTY

https://t.co/cmdBgsfTm1",-0.7876,0.0,0.331,0.669
16,16,@BBC,"The best time to plant a tree was 20 years ago. The second best time is now. üå≥

Eight Chinese proverbs to help with‚Ä¶ https://t.co/zqSO489S8G",0.9022,0.357,0.0,0.643
17,17,@BBC,"When your colleagues ask why you need to leave work at 5pm on the dot... üç∑üíÉ

#FridayFeeling #Versailles https://t.co/Tmba34H72w",-0.0516,0.0,0.062,0.938
18,18,@BBC,RT @BBCNews: Downton Abbey film finally confirmed https://t.co/VcQvk7lFJb,0.0,0.0,0.0,1.0
19,19,@BBC,"""I can't pay you, but you can use the photos in your portfolio."" üôÑ  

Every photographer can relate to this. 

https://t.co/AIriphAyym",0.0382,0.057,0.0,0.943
20,20,@BBC,"The secret to a long, happy relationship? 

Lying, lying and more lying. ‚ù§Ô∏èÔ∏èüòÇ @rhysnicholson

https://t.co/K0t1XAHovC",-0.7579,0.155,0.427,0.418
21,21,@BBC,"The original 1926 map of The Hundred Acre Wood from Winnie-the-Pooh has sold for a record ¬£430,000. üìñüçØ‚Ä¶ https://t.co/YoDZxpIlLe",0.3182,0.119,0.0,0.881
22,22,@BBC,RT @bbcproms: A Spectacular curtain raiser last night by @AnnaHMeredith &amp; @59productions  commissioned by @bbcproms @edintfest @1418NOW  in‚Ä¶,0.0,0.0,0.0,1.0
23,23,@BBC,RT @BBCTheOneShow: It's @ChrisGPackham UK Bioblitz 2018. Over ten days Chris &amp; his team will visit 50 wildlife sites in the UK to highlight‚Ä¶,0.0,0.0,0.0,1.0
24,24,@BBC,"Who is the mysterious Hester Appleyard?

Natalie Dormer spills the beans on her enigmatic role in‚Ä¶ https://t.co/6oHcD9SONr",0.0,0.0,0.0,1.0
25,25,@BBC,"""I think the NHS is one of the biggest assets we have in this country,"" says @JonniePeacock.‚Ä¶ https://t.co/PTiCP0xeHc",0.1779,0.091,0.0,0.909
26,26,@BBC,"‚ö†Ô∏è Watch out! ‚ö†Ô∏è Today is Friday the 13th...

üìÜüò∞ But why is this date considered unlucky?

https://t.co/RJelR8Rw6p",0.0,0.0,0.0,1.0
27,27,@BBC,"üò∫üé¨ Meet Lisio, the ginger cat who jumped onto his owner's shoulders during a serious TV interview.

üëâ‚Ä¶ https://t.co/7DmhNcHnU6",-0.0772,0.0,0.071,0.929
28,28,@BBC,"Great Britain's John Curry was the world's first out gay Olympian. This is his story. ‚õ∏

https://t.co/8kFobV3AWe",0.6249,0.215,0.0,0.785
29,29,@BBC,Not all heroes wear capes. This Australian diving doctor abandoned his holiday to stay with the boys trapped in a c‚Ä¶ https://t.co/BRaTqIJP19,-0.0258,0.246,0.215,0.539
30,30,@BBC,"Orkney‚Äôs mysterious stone circles are older than Stonehenge... 

https://t.co/Cbuq22PkVm",0.0,0.0,0.0,1.0
31,31,@BBC,"RT @BBCOne: Love and trust, shattered by secrets and lies. Keeping Faith from @BBCWales starring @TeamEveMyles starts tonight at 9pm on BBC‚Ä¶",0.6597,0.31,0.178,0.512
32,32,@BBC,"The university access watchdog says students' backgrounds should be taken into account when awarding places, to imp‚Ä¶ https://t.co/q9vW9zt46B",0.4404,0.146,0.0,0.854
33,33,@BBC,"Why are more parents around the world choosing to raise only children?

https://t.co/bWil43TvES",0.0,0.0,0.0,1.0
34,34,@BBC,"RT @BBCFOUR: Dr Lucy Worsley shows how Britain's new ruling family fought the French, the Jacobites and each other, all at the same time. T‚Ä¶",-0.3182,0.0,0.087,0.913
35,35,@BBC,Meet the people getting the @bbcproms off to a spectacular start. üòçüé∂üéª https://t.co/rD5I0XXrLz https://t.co/5im1Tokqsr,0.0,0.0,0.0,1.0
36,36,@BBC,"‚ôªÔ∏èü•õMeet the schoolchildren who redesigned their milk cartons without plastic straws. 

Their school now uses fully‚Ä¶ https://t.co/hK4M1UtcHk",0.0,0.0,0.0,1.0
37,37,@BBC,"Adam can't hide the fact that he has a stutter, and he doesn't want to anymore.

https://t.co/JVzJkk828L",-0.1788,0.086,0.182,0.733
38,38,@BBC,"Native wildlife is ""flocking back"" to the Outer Hebrides following a 17-year project to eradicate the American mink‚Ä¶ https://t.co/QbGQddmWyW",0.0,0.0,0.0,1.0
39,39,@BBC,"Walrus siestas can last a week! üí§ These incredible creatures know how to nap... 

https://t.co/qZRpNBkpuc",0.0,0.0,0.0,1.0
40,40,@BBC,"It‚Äôs not coming home. üíî

But it's been an incredible journey. ‚ô•Ô∏è

https://t.co/TrqeqzfTUq  #ENG #WorldCup‚Ä¶ https://t.co/nCoN5lDJys",0.0,0.0,0.0,1.0
41,41,@BBC,"RT @BBCSport: GOAL

Mario Mandzukic drills Croatia in front.

#CRO 2-1 #ENG 

LIVE:
üì± https://t.co/C5GtYW7jpj 
üìª @5liveSport 

#ENGCRO #Wor‚Ä¶",0.0,0.0,0.0,1.0
42,42,@BBC,"RT @BBCSport: Extra-time it is... and we're underway...

How are your nerves?

#CRO 1-1 #ENG 

LIVE:
üì± https://t.co/C5GtYW7jpj 
üìª @5liveSpo‚Ä¶",-0.1027,0.0,0.076,0.924
43,43,@BBC,"Full time: #CRO 1-1 #ENG 

Who's ready for another 30 minutes?

Follow it live: 
üì± https://t.co/TrqeqzfTUq  
üìª‚Ä¶ https://t.co/CuPZrrxFEW",0.3612,0.135,0.0,0.865
44,44,@BBC,RT @BBCBreakfast: No fingernails left... https://t.co/E4oE20owSY,-0.296,0.0,0.306,0.694
45,45,@BBC,"RT @BBCSport: GOAL 

#CRO 1-1 #ENG 

Ivan Perisic meets a cross to flick Croatia level.

LIVE:
üì± https://t.co/C5GtYW7jpj 
üìª @5liveSport htt‚Ä¶",0.0,0.0,0.0,1.0
46,46,@BBC,"It doesn't matter where you're watching, as long as you're watching. ‚öΩÔ∏è‚öΩÔ∏è‚öΩÔ∏è

Millions of #ENG fans are watching‚Ä¶ https://t.co/geST9JHDr4",-0.0191,0.0,0.056,0.944
47,47,@BBC,"RT @5liveSport: Only three men have ever scored for #ENG in a semi-final of a #WorldCup

‚öΩ Sir Bobby Charlton
‚öΩ @GaryLineker
‚öΩ Kieran Tripp‚Ä¶",0.0,0.0,0.0,1.0
48,48,@BBC,"RT @BBCOne: We‚Äôre pretty sure that exactly 53% of the population is covered in beer right now ü§îü§ó #ENGCRO #WorldCup

https://t.co/l5UTbo9n7x",0.6705,0.224,0.0,0.776
49,49,@BBC,A gripping reimagining of Joan Lindsay's iconic novel that delves into the mysterious disappearances of three schoo‚Ä¶ https://t.co/d4nPoQXIYJ,0.3182,0.126,0.0,0.874
50,50,@BBC,"Half time in Moscow. 

#CRO 0-1 #ENG
Ôøº
Follow:

üì± https://t.co/5KN3TtJ2Zz  
üìª @5livesport

#ENGCRO #WorldCup https://t.co/TVSyyaX8dl",0.0,0.0,0.0,1.0
51,51,@BBC,"RT @BBCSport: GOAL!

What a start! What a goal!

Kieran Trippier whips a free-kick right in! 

#CRO 0-1 #ENG 

LIVE: 
üì± https://t.co/C5GtYW‚Ä¶",0.0,0.0,0.0,1.0
52,52,@BBC,"It's time. ‚öΩÔ∏è

#ENGCRO #worldcup #bbcworldcup https://t.co/A0zRUx5CVK",0.0,0.0,0.0,1.0
53,53,@BBC,"Prince Harry knows... #ItsComingHome Ô∏è‚öΩÔ∏è‚û°Ô∏èüè†

#ENGCRO #ENG #WorldCup #ThreeLions 

https://t.co/ouBlfHLWry",0.0,0.0,0.0,1.0
54,54,@BBC,"The @BBCEastenders prediction for tonight's #WorldCup semi-final? 

""Ta-ta Croatia!"" üëãüòÇ @MrDDyer

#ThreeLions‚Ä¶ https://t.co/wRv1AlP9s6",0.0,0.0,0.0,1.0
55,55,@BBC,"What's that David Attenborough... it's coming home? üè¥Û†ÅßÛ†Å¢Û†Å•Û†ÅÆÛ†ÅßÛ†ÅøÔ∏è‚öΩÔ∏èüèÜüòÜ

üîä Turn your sound on!  üîä

#WorldCup #ThreeLions‚Ä¶ https://t.co/fkYYIqg2fO",0.0,0.0,0.0,1.0
56,56,@BBC,The National Gallery has acquired its first work by a woman for 27 years. üñå https://t.co/WkCtpvqKtN https://t.co/NZRjCCw3z5,0.0,0.0,0.0,1.0
57,57,@BBC,"The last time #ENG played a #WorldCup Semi Final, @bbceastenders looked like this... https://t.co/JeYtBettzm",0.5994,0.308,0.0,0.692
58,58,@BBC,"ü§î Game Boys, Vanilla Ice and a new TV programme called 'The Simpsons'... 

This is what #England looked like last t‚Ä¶ https://t.co/YTCXpNJvqb",0.3612,0.116,0.0,0.884
59,59,@BBC,"RT @BBCSport: Just hold on...it's coming home.

#WorldCup #ThreeLions https://t.co/TCTpYhNV1s",0.0,0.0,0.0,1.0
60,60,@BBC,"This will give you goosebumps. 

The last time England won a #WorldCup semi-final it was a 2-1 victory over Portuga‚Ä¶ https://t.co/2gRGni9S3y",0.5719,0.171,0.0,0.829
61,61,@BBC,"In this city, a six-figure salary is considered 'low income' and not enough for a family of four to get by on.‚Ä¶ https://t.co/1qyDWTPSrG",-0.2732,0.0,0.095,0.905
62,62,@BBC,"#BluePlanet2 ‚úÖ 
That unforgettable concert ‚úÖ 
Brilliant Bedtime Stories ‚úÖ
A new Doctor ‚úÖ
and so much more. Here are‚Ä¶ https://t.co/ZVSKIHOXDk",0.5859,0.202,0.0,0.798
63,63,@BBC,"RT @BBCSport: More of this please! üòä

#ENGCRO #ENG #ThreeLions #bbcworldcup https://t.co/706Vsdfy2Y",0.5018,0.245,0.0,0.755
64,64,@BBC,"üíà‚öΩÔ∏èüôåüèæ Dead trims, missed penalties, 30 yard screamers, calling players out, football coming home...‚Ä¶ https://t.co/ZrrQJ1Qn9h",-0.8402,0.0,0.429,0.571
65,65,@BBC,"üå°üî•‚òÄÔ∏è This one goes out to all the gingers braving the sun today... 

https://t.co/4Ed3y2Xp0f",0.0,0.0,0.0,1.0
66,66,@BBC,"The heatwave has unveiled ancient hillforts and Roman settlements in Wales. üëâ
 https://t.co/L1VdHWkMP7 https://t.co/luXjJV5v3Y",0.0,0.0,0.0,1.0
67,67,@BBC,"Take a look at the rollercoaster years at Nokia, a company that dominated a nation. 

The Rise and Fall of Nokia |‚Ä¶ https://t.co/7uflzUaeTj",0.0,0.0,0.0,1.0
68,68,@BBC,"Can you feel richer by giving your money away? üí∏ This lottery winner thinks so.

https://t.co/BgKlrEfssV",0.8625,0.444,0.0,0.556
69,69,@BBC,"'I wanted to live inside you like a parasite'. 

A letter to my first love üíåüëâ https://t.co/batgnuHRoi https://t.co/G0kGuLzHqU",0.7717,0.324,0.0,0.676
70,70,@BBC,"üôÖNo one likes making mistakes, but messing up isn‚Äôt always a bad thing.

Here are six reasons why making mistakes c‚Ä¶ https://t.co/N7jMLZKLcE",-0.8338,0.066,0.34,0.593
71,71,@BBC,"RT @bbctennis: Serena Williams has some pretty big names supporting her.

Oh hey, @Drake 

LIVEüëâhttps://t.co/RIpcahMeKm
üì∫ @BBCOne 
#bbctenn‚Ä¶",0.7269,0.289,0.0,0.711
72,72,@BBC,"No one does strawberries like we do in Britain! üçìüá¨üáßüç¶

Now they're in season, make the most of these delicious straw‚Ä¶ https://t.co/QKdHxenZNu",0.6763,0.242,0.079,0.68
73,73,@BBC,'Everyone safe': all 12 members of a Thai youth football team and their coach have been brought safely out of the c‚Ä¶ https://t.co/c5bzSFM2ND,0.4939,0.132,0.0,0.868
74,74,@BBC,"Neelam and Dinesh‚Äôs son Akash took his own life three years ago. 

Now they‚Äôre trying to get the British Asian comm‚Ä¶ https://t.co/pX5ZIH2mj3",0.0,0.0,0.0,1.0
75,75,@BBC,"Ever found something weird and wonderful on a British beach? 

@BBCFOUR will be LIVE from the Jurassic Coast next w‚Ä¶ https://t.co/CY4ej7SjQh",0.4588,0.158,0.073,0.769
76,76,@BBC,"Have you ever seen a baby puffin? üê£

Experts worry we may not get the chance in the future if Scotland‚Äôs puffin pop‚Ä¶ https://t.co/uRKs7VXQMv",-0.5632,0.0,0.188,0.812
77,77,@BBC,RT @bbcweather: Remember to look up around 1pm today if you're in London / SE / Suffolk / Colchester / Chelmsford for the @RoyalAirForce #R‚Ä¶,0.0,0.0,0.0,1.0
78,78,@BBC,"RT @BBCOne: ‚ÄúI felt like a piece of meat at a meat market‚Äù.

@BBCPanorama investigates President Donald Trump.

Tonight | 8.30pm | BBC One‚Ä¶",0.3612,0.116,0.0,0.884
79,79,@BBC,RT @BBCNews: Cave rescue: Divers ready to save remaining five Thais https://t.co/ed7GteDLor,0.8402,0.5,0.0,0.5
80,80,@BBC,"RT @bbcweather: London's sunset last night, photographed by Funda Cizgenakad. Jo https://t.co/gijPHaWMpa",0.0,0.0,0.0,1.0
81,81,@BBC,"RT @BBCSport: We have some exciting news...

@andy_murray will be joining the BBC commentary team this week at @Wimbledon 

üëâ https://t.co/‚Ä¶",0.4939,0.144,0.0,0.856
82,82,@BBC,"Sue has looked after lots of orphaned wombats before, but Stacy is a real handful! üò≥

https://t.co/JCFTLP1Xjg",0.0,0.0,0.0,1.0
83,83,@BBC,"Today, @sophieraworth presents live coverage of events to celebrate 100 years of aviation and endeavour in the Roya‚Ä¶ https://t.co/l0Of2zTYaH",0.5719,0.171,0.0,0.829
84,84,@BBC,"The greatest ice skater of all time, John Curry transformed a dated sport into an art form and made history by beco‚Ä¶ https://t.co/rKqQzp8Gv5",0.6369,0.167,0.0,0.833
85,85,@BBC,"‚ÄúI want to tell you honey you are the hero in my heart‚Äù

Saman Gunan's wife and father tell @BBCWorld about the man‚Ä¶ https://t.co/axL8XkMgc0",0.5994,0.182,0.0,0.818
86,86,@BBC,"That time David Attenborough made friends with a baby rhino. üò≠‚ù§Ô∏èÔ∏èü¶è #Africa 

https://t.co/Z5F0jaNk57",0.4767,0.22,0.0,0.78
87,87,@BBC,"Although they're great fun, they're not always great for the environment... 

Here's how to go to a festival withou‚Ä¶ https://t.co/tvnMfnCrlL",0.9403,0.495,0.0,0.505
88,88,@BBC,"RT @BBCBreaking: Prince Louis arrives for his christening service at the Chapel Royal, St James's Palace

https://t.co/TGe9Ld5mpM https://t‚Ä¶",0.0,0.0,0.0,1.0
89,89,@BBC,"RT @BBCRadio2: Happy International Town Criers' Day! Watch @chestercrier teach @ed_miliband how to do the perfect ""oyez""  üó£ https://t.co/Ha‚Ä¶",0.8268,0.325,0.0,0.675
90,90,@BBC,"""Can I drum?‚Äù ü•Åü§∑‚Äç‚ôÇÔ∏è

This is the amazing moment when @thekillers let a fan join them on stage at @TRNSMTfest! üôå‚Ä¶ https://t.co/6DnHpaJxer",0.8221,0.336,0.0,0.664
91,91,@BBC,"RT @BBCBreaking: Boris Johnson resigns as UK Foreign Secretary, following the resignation of Brexit Secretary David Davis https://t.co/gFKn‚Ä¶",-0.5423,0.0,0.22,0.78
92,92,@BBC,"Divers have rescued four more boys from the vast flooded cave system in northern Thailand.

Follow live updates her‚Ä¶ https://t.co/cuWPaHhVTW",0.4215,0.128,0.0,0.872
93,93,@BBC,"Searching for the 'angel' who held me during the Westminster attack. 

https://t.co/Hgb96AhD1J https://t.co/SPXbsc6t1A",-0.4767,0.0,0.205,0.795
94,94,@BBC,"RT @bbctennis: The number of Grand Slam singles titles won by today's Centre Court players.

üèÜüèÜüèÜüèÜüèÜüèÜüèÜüèÜüèÜüèÜüèÜüèÜüèÜüèÜüèÜüèÜüèÜüèÜüèÜüèÜüèÜüèÜüèÜüèÜüèÜüèÜüèÜüèÜüèÜüèÜüèÜüèÜüèÜüèÜüèÜüèÜüèÜüèÜüèÜüèÜüèÜüèÜüèÜüèÜüèÜüèÜ‚Ä¶",0.6597,0.354,0.115,0.531
95,95,@BBC,"'I spread happiness': meet Irene, a yoga teacher who teaches in prisons. üßò

https://t.co/LkBRZK5BJe",0.0,0.0,0.0,1.0
96,96,@BBC,"What's wrong with the way we decorated?! üòÇüõÄüë∑

Couple find a 23-year-old hidden message while refurbishing their bat‚Ä¶ https://t.co/gfFrVjlZee",-0.5255,0.0,0.166,0.834
97,97,@BBC,Prince Louis will be christened later in a private ceremony in the Chapel Royal at St James's Palace. üë∂‚Ä¶ https://t.co/NOvYzzMN0F,0.0,0.0,0.0,1.0
98,98,@BBC,RT @BBCWorld: Cave divers in Thailand are poised to restart the high-risk operation to extract the remaining eight boys and their football‚Ä¶,0.25,0.087,0.0,0.913
99,99,@BBC,RT @BBCWorld: Japan floods: At least 100 dead in record rainfall https://t.co/SyQmfJ7R2J,-0.6486,0.0,0.281,0.719
100,0,@CBS,"Stand up. Speak up. Blow the whistle. 

Don't miss the premiere of the @TrueCrimeCBS series #Whistleblower tonight‚Ä¶ https://t.co/uNhx4Codc2",0.1139,0.078,0.0,0.922
101,1,@CBS,"RT @TheNeighborhood: There's a new family on the block, and they're about to turn this neighborhood upside down. @CedEntertainer and @Tichi‚Ä¶",-0.4404,0.0,0.132,0.868
102,2,@CBS,Take a walk down @YandR_CBS memory lane with stars @JessWaltonYR and Peter Bergman! You can watch full episodes of‚Ä¶ https://t.co/MZEUfiJJyb,0.0,0.0,0.0,1.0
103,3,@CBS,RT @TKOCBS: Prepare to have some major FUN. #TKO starts NOW! https://t.co/i2ftL6GCj5,0.6514,0.282,0.0,0.718
104,4,@CBS,"It‚Äôs fun, different, unique, and finally here! @TKOCBS hosted by @KevinHart4real premieres at 9/8c on CBS and‚Ä¶ https://t.co/MCeVLVK85i",0.5562,0.174,0.0,0.826
105,5,@CBS,"RT @MagnumPICBS: Talk about hands-on research! #MagnumPI's cast had the honor of joining the US Navy Submarine Force, US Pacific Fleet #Sub‚Ä¶",0.5411,0.143,0.0,0.857
106,6,@CBS,Time to mark your calendars! CBS' fall 2018 premiere lineup has been announced: https://t.co/yYv3H9aEO7 https://t.co/lRxAA7suie,0.0,0.0,0.0,1.0
107,7,@CBS,"RT @TKOCBS: The Ball Buster, the Frisboom, the Spike Launcher, and the Slammer‚Ä¶ Get to know all of the #TKO Battle Stations: https://t.co/2‚Ä¶",-0.3818,0.0,0.106,0.894
108,8,@CBS,"RT @cbsallaccess: How much does it cost to bury the truth? #OneDollar premieres August 30, exclusively on CBS All Access. https://t.co/2HdY‚Ä¶",0.3182,0.103,0.0,0.897
109,9,@CBS,"RT @SalvationCBS: Mark your calendars, #Salvies: Monday's new #SalvationCBS will air at a special time, 10/9c. https://t.co/RUh1J7cfj8",0.4019,0.153,0.0,0.847
110,10,@CBS,Happy #InternationalKissingDay! See which stars we caught locking lips on the CBS Kiss Cam. üòò https://t.co/oMPCHZlgCl,0.7777,0.343,0.0,0.657
111,11,@CBS,Have you heard? Tonight's the first Live Show of #BB20. Grab a seat and get ready to watch the action unfold on CBS‚Ä¶ https://t.co/0YgRV1HLGd,0.3612,0.102,0.0,0.898
112,12,@CBS,"How much does it cost to bury the truth? #OneDollar premieres Thursday, August 30, exclusively on CBS All Access.‚Ä¶ https://t.co/1tab8eCaFz",0.3182,0.108,0.0,0.892
113,13,@CBS,Take a first look at our @Comic_Con lineup along with details of what you can expect to see:‚Ä¶ https://t.co/JqBtlKcwq3,0.0,0.0,0.0,1.0
114,14,@CBS,RT @TrueCrimeCBS: Two new true-crime series are set to premiere this July on CBS! Learn more about #Whistleblower and #PinkCollarCrimes bef‚Ä¶,0.0,0.0,0.0,1.0
115,15,@CBS,"If at first you don‚Äôt succeed on @PriceIsRight‚Ä¶bid, bid again! https://t.co/OWBaOsFZ3i",0.5411,0.259,0.0,0.741
116,16,@CBS,What‚Äôs summer without @CBSBigBrother? ‚òÄÔ∏è RT if you‚Äôre counting down the hours to the #BB20 premiere TONIGHT at 8/7c‚Ä¶ https://t.co/Xp1s4Fp5J8,0.0,0.0,0.0,1.0
117,17,@CBS,"It looks like you...

(‚Ä¢_‚Ä¢)
( ‚Ä¢_‚Ä¢)&gt;‚åê‚ñ†-‚ñ†
(‚åê‚ñ†_‚ñ†)

Have a lot of TV to watch!

Celebrate #NationalSunglassesDay with H‚Ä¶ https://t.co/Babt4ajIgV",0.7574,0.289,0.0,0.711
118,18,@CBS,The world will finally know the truth. ‚òÑÔ∏è Make sure to tune in to the heart-pounding Season 2 premiere of‚Ä¶ https://t.co/mqMleW90DY,0.5574,0.204,0.0,0.796
119,19,@CBS,Tonight's the night! Don't miss model @ashleygraham on the season finale of Celebrity @undercover_cbs at 8/7c. https://t.co/iBxAOcOF7a,0.1867,0.098,0.0,0.902
120,20,@CBS,"Every day is #TakeYourDogToWorkDay for shows like @HawaiiFive0CBS, @MomCBS, @SEALTeamCBS, and @bigbangtheory! https://t.co/DJaOt1VQcw",0.4199,0.189,0.0,0.811
121,21,@CBS,"Lights, camera, selfie! üì∏¬†Could there be a better photo for #NationalSelfieDay? https://t.co/14Ewx64yKC",0.4926,0.242,0.0,0.758
122,22,@CBS,There‚Äôs nothing quite like watching a contestant win a brand new car on @PriceIsRight. üëè  https://t.co/aKlFikYAMM,0.3555,0.222,0.136,0.642
123,23,@CBS,Time to make your predictions for #BB20! üëè Get to know the @CBSBigBrother Houseguests before the big premiere next‚Ä¶ https://t.co/jlpIchJ9sk,0.0,0.0,0.0,1.0
124,24,@CBS,RT @CBSBigBrother: Meet the cast of #BB20... before anyone else! Start streaming all their live interviews beginning at 11am EST/8am PST on‚Ä¶,0.0,0.0,0.0,1.0
125,25,@CBS,"Today and every day we celebrate their love, guidance, and support. Happy #FathersDay to every kind of dad! https://t.co/Wffax1khBH",0.9392,0.493,0.0,0.507
126,26,@CBS,"Casting Alert! @paulwesley, @DaniaJRamirez &amp; @JamesWolk are set to star in the upcoming CBS All Access psychologica‚Ä¶ https://t.co/JnZMrzT92n",0.3595,0.128,0.0,0.872
127,27,@CBS,"In case you missed it, watch the entire #TonyAwards now: https://t.co/Bm0yNV3Ff3 https://t.co/h3YnFkmSQJ",-0.296,0.0,0.167,0.833
128,28,@CBS,RT @StrangeAngel: Mastermind or maniac? Explore the brilliant mind of Jack Parsons in #StrangeAngel. Now streaming on CBS All Access: https‚Ä¶,0.1779,0.147,0.12,0.734
129,29,@CBS,"No pain, no gain, ALL Hart! Just one month until the premiere of @TKOCBS hosted by @KevinHart4real. https://t.co/C1yMCglxVn",-0.5562,0.134,0.315,0.551
130,30,@CBS,"RT @TheNeighborhood: Welcome to #TheNeighborhood, @BethBehrs! The @2BrokeGirls star returns to @CBS in a new sitcom alongside @CedEntertain‚Ä¶",0.5093,0.171,0.0,0.829
131,31,@CBS,"In case you missed it, watch the entire #TonyAwards now: https://t.co/Bm0yNV3Ff3 https://t.co/3GA5otlcPa",-0.296,0.0,0.167,0.833
132,32,@CBS,How do you know @SaraBareilles and @joshgroban's music? #TonyAwards https://t.co/POMXBORfUT,0.0,0.0,0.0,1.0
133,33,@CBS,Here are all the performances from the 2018 #TonyAwards: https://t.co/gN4ItpFlRd https://t.co/fSMNBXKC9r,0.0,0.0,0.0,1.0
134,34,@CBS,See the complete list of winners from the 2018 #TonyAwards: https://t.co/9XK6CGeber https://t.co/HkUIN4Quej,0.4767,0.22,0.0,0.78
135,35,@CBS,An end to a magical evening. The Band's Visit wins for Best Musical! #TonyAwards https://t.co/ODza97n8YH,0.8478,0.406,0.0,0.594
136,36,@CBS,Congratulations are in order for @TheKatrinaLenk! She just won for Best Leading Actress in a Musical. #TonyAwards https://t.co/t9bNvpiEmH,0.92,0.463,0.0,0.537
137,37,@CBS,"RT @CBSThisMorning: Hmm... something seems off here @SaraBareilles @JoshGroban. üòÇ

@WaitressMusical @GreatCometBway #TonyAwards https://t.c‚Ä¶",0.0,0.0,0.0,1.0
138,38,@CBS,RT @_stobin13: watching the #TonyAwards after going to 3 broadway shows this weekend makes it even better üòçü§©,0.4404,0.153,0.0,0.847
139,39,@CBS,Tony Shalhoub wins Best Leading Actor in a Musical. #TonyAwards   #TheBandsVisit https://t.co/KcUDSicKI5,0.836,0.467,0.0,0.533
140,40,@CBS,The Boss looks right at home on the #TonyAwards stage! https://t.co/pwjv4iydkn,0.0,0.0,0.0,1.0
141,41,@CBS,RT @Aatamianphoto: Springsteen is on the #TonyAwards and I love it.,0.6369,0.318,0.0,0.682
142,42,@CBS,Inspiration: Get to your YES! #OnceOnThisIsland #TonyAwards https://t.co/Wjp0QIWfXq,0.7978,0.543,0.0,0.457
143,43,@CBS,The feeling when you win a Tony. üôå¬†Congratulations to Once on This Island for winning Best Revival of a Musical!‚Ä¶ https://t.co/UpFCqgBTwh,0.9523,0.55,0.0,0.45
144,44,@CBS,What a beautiful performance by the cast of #TheBandsVisit. #TonyAwards https://t.co/4Hw96kZvrf,0.5994,0.302,0.0,0.698
145,45,@CBS,"""I'm a living example of how theatre can change you - and it didn't just change me, it saved me."" @JohnLeguizamo at‚Ä¶ https://t.co/4ICwMhb6hv",0.4215,0.123,0.0,0.877
146,46,@CBS,Angels in America takes the win for Best Revival of a Play! #TonyAwards https://t.co/zodW61tw8a,0.8932,0.517,0.0,0.483
147,47,@CBS,"RT @leahableson: The Once On This Island Goat And Chicken made it to the broadcast, Mama WILL provide #TonyAwards",0.0,0.0,0.0,1.0
148,48,@CBS,That performance was the GOAT. #TonyAwards https://t.co/mtoU92HipQ,0.0,0.0,0.0,1.0
149,49,@CBS,Harry Potter and the Cursed Child wins Best Play at the #TonyAwards! @HPPlayNYC https://t.co/WIqJQmtAlN,0.8908,0.491,0.0,0.509
150,50,@CBS,üé∂ ‚ÄúLet's dance this last dance tonight.‚Äù üé∂ #TonyAwards #DonnaSummerMusical https://t.co/UAIaglChfv,0.0,0.0,0.0,1.0
151,51,@CBS,Hope he brought enough birthday cake for everyone! #TonyAwards https://t.co/FlLbKV6oj8,0.4926,0.262,0.0,0.738
152,52,@CBS,@writerlindsayb You're welcome! #TonyAwards,0.5093,0.523,0.0,0.477
153,53,@CBS,RT @hjmayer8: I sure do love @DearEvanHansen üíô #TonyAwards,0.7579,0.565,0.0,0.435
154,54,@CBS,"RT @Valerie4815: What a birthday present, the Tony audience singing happy birthday to you!! #TonyAwards",0.6467,0.248,0.0,0.752
155,55,@CBS,If only this performance could go on forever. #TonyAwards @FrozenBroadway https://t.co/p2BMUvyTxr,0.0,0.0,0.0,1.0
156,56,@CBS,RT @anna_villanueva: Magnificent performance from the cast of @FrozenBroadway! #TonyAwards2018 #TonyAwards #Tonys,0.636,0.276,0.0,0.724
157,57,@CBS,Glenda Jackson wins Best Leading Actress in a Play. #TonyAwards @threetallwomen https://t.co/GRp1gcBuiW,0.8834,0.563,0.0,0.437
158,58,@CBS,.@SaraBareilles is totally a Gryffindor. #TonyAwards https://t.co/OPQ7esk2dn,0.0,0.0,0.0,1.0
159,59,@CBS,RT @IzzyNY202: How impressive are these Marjory Stoneman Douglas students? That #TonyAwards performance reduced me to tears. Amazing.,0.7351,0.296,0.079,0.625
160,60,@CBS,RT @KatLargent: MAGIC #TonyAwards,0.0,0.0,0.0,1.0
161,61,@CBS,Such a touching moment at the #TonyAwards. ‚ù§Ô∏è https://t.co/4kJWTHVPZ8,0.0,0.0,0.0,1.0
162,62,@CBS,.@Matt_Morrison welcomes the Marjory Stoneman Douglas High School theatre department to the stage. #TonyAwards https://t.co/5dxa9smeka,0.4019,0.162,0.0,0.838
163,63,@CBS,So many feels at the #TonyAwards. Congratulations to @arielstachel for winning Best Featured Actor in a Musical!‚Ä¶ https://t.co/m1aRNIHPRK,0.9151,0.457,0.0,0.543
164,64,@CBS,RT @McBenefit: I love everything about you @UzoAduba. #TonyAwards,0.6369,0.375,0.0,0.625
165,65,@CBS,RT if that musical number by the cast of Carousel blew you away! #TonyAwards https://t.co/CMzMNtcAQO,0.1511,0.102,0.0,0.898
166,66,@CBS,Nathan Lane saw his #AngelsinAmerica role as a challenge. How will you challenge yourself in 2018? #TonyAwards https://t.co/3WXd6AqgBi,0.1531,0.148,0.0,0.852
167,67,@CBS,Nathan Lane wins Best Featured Actor in a Play. #TonyAwards @angelsbway https://t.co/xc8M7JtLDE,0.8834,0.563,0.0,0.437
168,68,@CBS,üåü¬†@joshgroban and @SaraBareilles are Host Goals. üåü #TonyAwards https://t.co/OGQec8cXJ6,0.0,0.0,0.0,1.0
169,69,@CBS,RT @adub369: This is unbelievable! @SaraBareilles and @joshgroban #TonyAwards,0.2714,0.207,0.0,0.793
170,70,@CBS,Who lives in a pineapple and just performed at The Tonys? üççüé∂ The cast of SpongeBob SquarePants: The Musical!‚Ä¶ https://t.co/mvFxdh9UJi,0.0,0.0,0.0,1.0
171,71,@CBS,‚ú® @LindsayMendez wins Best Featured Actress in a Musical! #TonyAwards @carouselbway https://t.co/MtgFowscN5,0.8478,0.506,0.0,0.494
172,72,@CBS,A big congratulations to @springsteen for his Special Tony award! ‚ú®¬†#TonyAwards https://t.co/i16u8uv9aT,0.8858,0.565,0.0,0.435
173,73,@CBS,Can the 73rd annual #TonyAwards just be three-hours of @TitussBurgess? https://t.co/3rCZwwTUtv,0.0,0.0,0.0,1.0
174,74,@CBS,"RT @CBSThisMorning: ""We know there are a lot of you out there who have photos of yourself in school plays or community theater."" Post your‚Ä¶",0.25,0.08,0.0,0.92
175,75,@CBS,Keep your acceptance speeches short or else the #TonyAwards will get the angels involved. #AngelsInAmerica üëº https://t.co/oznhezRzDc,0.4588,0.167,0.0,0.833
176,76,@CBS,"If you haven't started singing, you will be the rest of the night. #TonyAwards #MyFairLady https://t.co/jbGXwnru8N",0.0,0.0,0.0,1.0
177,77,@CBS,RT @marialena_rago: I like this opener for @MyFairLadyBway #TonyAwards,0.3612,0.263,0.0,0.737
178,78,@CBS,Laurie Metcalf wins Best Featured Actress in a Play! #TonyAwards @threetallwomen https://t.co/y4teyJaRPs,0.8908,0.57,0.0,0.43
179,79,@CBS,Tina Fey has a boat?? #MeanGirls #TonyAwards https://t.co/phYxmHMd3d,0.0,0.0,0.0,1.0
180,80,@CBS,Representing the hardest-working men and women in Broadway‚Ä¶¬†ensemble members from every nominated musical tonight!‚Ä¶ https://t.co/imlEEnOUla,0.0,0.0,0.0,1.0
181,81,@CBS,RT @misschae: I love theatre so much. #TonyAwards,0.6369,0.412,0.0,0.588
182,82,@CBS,On Wednesdays they wear pink and on Sundays they perform at the #TonyAwards. üíï Who thought that performance by the‚Ä¶ https://t.co/w7QDkaX6kF,0.0,0.0,0.0,1.0
183,83,@CBS,"RT @MichaelJMoritz: ""We are all made perfectly and we all belong‚Äù - Andrew Garfield #TonyAwards",0.6369,0.244,0.0,0.756
184,84,@CBS,Andrew Garfield wins Best Leading Actor in a Play. #TonyAwards @angelsbway https://t.co/s2VQnw6IPP,0.8834,0.563,0.0,0.437
185,85,@CBS,"RT @nightingalen: Love this opening song! @joshgroban
@SaraBarreilles 
#TonyAwards",0.6696,0.36,0.0,0.64
186,86,@CBS,‚ú® @joshgroban and @SaraBareilles take the stage to begin an unforgettable evening. #TonyAwards https://t.co/y9uzlK2DzO,0.0,0.0,0.0,1.0
187,87,@CBS,Grab your popcorn... it's time for the #TonyAwards! Go and stream the entire show now: https://t.co/Wo1algQHix https://t.co/JGYTk4NPDN,0.0,0.0,0.0,1.0
188,88,@CBS,‚ú® @thegoodfight's Christine Baranski has arrived on the #TonyAwards red carpet! Watch LIVE at 8/7c on CBS! https://t.co/XnXAnPtRrc,0.0,0.0,0.0,1.0
189,89,@CBS,"The hosts have arrived! We're LIVE with @SaraBareilles, @joshgroban and more on the #TonyAwards red carpet hosted b‚Ä¶ https://t.co/NtarbgywLe",0.0,0.0,0.0,1.0
190,90,@CBS,Tonight's the night! Join @etnow's @DDirecto on the #TonyAwards' red carpet starting at 5PM ET! https://t.co/hZLOSiIRAT,0.4184,0.157,0.0,0.843
191,91,@CBS,These two know a thing or two about awards! Watch them light up the stage tomorrow at the #TonyAwards. ‚ú® https://t.co/KHVZp65oLS,0.5093,0.155,0.0,0.845
192,92,@CBS,Here's everything you need to know before watching the #TonyAwards this Sunday at 8/7c: https://t.co/jcRgNGmLUZ https://t.co/8suUhVPFK6,0.0,0.0,0.0,1.0
193,93,@CBS,Join @etnow's @DDirecto this Sunday on the #TonyAwards' red carpet. https://t.co/7jS8g10KmY,0.296,0.18,0.0,0.82
194,94,@CBS,Here's @laChanze with a reminder that you can stream the #TonyAwards this Sunday on CBS All Access! https://t.co/8TDEXzKmyQ,0.0,0.0,0.0,1.0
195,95,@CBS,"We all get by with a little help from our friends, so what better way to celebrate #NationalBestFriendsDay than to‚Ä¶ https://t.co/pIZezbBwaT",0.9078,0.436,0.0,0.564
196,96,@CBS,"Get ready for show-stopping performances by the casts of the 2018 Tony-nominated shows Mean Girls, SpongeBob Square‚Ä¶ https://t.co/NiSx9Bbw0F",0.3612,0.128,0.0,0.872
197,97,@CBS,Don‚Äôt miss a special performance from @springsteen this Sunday at the #TonyAwards: https://t.co/LYYdleaFwU https://t.co/IKkKoITH9y,0.2732,0.176,0.105,0.719
198,98,@CBS,"RT @CBSThisMorning: .@SaraBareilles and @joshgroban are hosting this Sunday's @TheTonyAwards on @CBS! 

Wednesday, they'll join us LIVE on‚Ä¶",0.3595,0.128,0.0,0.872
199,99,@CBS,"RT @SU2C: SU2C telecast Co-Executive Producer Bradley Cooper sits down with Mitch Carbon, a pediatric cancer survivor who benefited from #S‚Ä¶",-0.4404,0.1,0.177,0.723
200,0,@CNN,"Director of National Intelligence Dan Coats raises the alarm on growing cyberattack threats against the US, saying‚Ä¶ https://t.co/sLfH84NISw",-0.1027,0.2,0.217,0.583
201,1,@CNN,How Finland has survived in Russia's dark shadow https://t.co/uaqYYKM8PB https://t.co/vCromYSYn4,0.5106,0.268,0.0,0.732
202,2,@CNN,This 12-year-old who is battling a rare bone cancer had her wish granted when she got to see the ocean and learn to‚Ä¶ https://t.co/OqpMmp7aoA,-0.4215,0.156,0.215,0.629
203,3,@CNN,Newly-discovered fossils suggest giant dinosaurs evolved millions of years earlier than scientists thought https://t.co/1qJw5J5dhi,0.0,0.0,0.0,1.0
204,4,@CNN,"Meet Care-E, the automated airport assistant that scans a boarding pass, carries luggage and guides passengers to t‚Ä¶ https://t.co/c12TfEbuCS",0.0,0.0,0.0,1.0
205,5,@CNN,"Scientists have discovered the world's oldest color. It's bright pink -- the color of bubble gum, flamingos and cot‚Ä¶ https://t.co/pXGHjWw5yb",0.4404,0.132,0.0,0.868
206,6,@CNN,"From the biggest street art party in Hong Kong to a community art tour, here are six Instagrammable ways to enjoy H‚Ä¶ https://t.co/1MJl9Bgfc1",0.7096,0.228,0.0,0.772
207,7,@CNN,"Stitch Fix is tapping into the children's apparel market, launching subscription boxes with sizes 2T to 14. Founder‚Ä¶ https://t.co/VE939a8HoA",0.0,0.0,0.0,1.0
208,8,@CNN,"Archaeologists unearth a mysterious sarcophagus in Egypt 
https://t.co/Z5XE26NQuK https://t.co/QbVllJbH6F",0.0,0.0,0.0,1.0
209,9,@CNN,It's not always easy going green. Starbucks and Nestl√© customers embraced the brands' moves to environmentally-frie‚Ä¶ https://t.co/zVa4gcuLL8,-0.3412,0.0,0.131,0.869
210,10,@CNN,5-year-old Garrett Matthias prepared his own obituary before he died from a rare form of pediatric cancer. In words‚Ä¶ https://t.co/kvDtKV3C0J,-0.7964,0.073,0.309,0.618
211,11,@CNN,Starbucks is going strawless. The coffee company announced Monday that it will phase out plastic straws from all of‚Ä¶ https://t.co/4nPdL5wkfC,0.0,0.0,0.0,1.0
212,12,@CNN,Scientists at the Teopanzolco archeological site discovered an ancient temple this week that was exposed by the dev‚Ä¶ https://t.co/NI106NMNKQ,-0.0772,0.0,0.067,0.933
213,13,@CNN,A French bulldog named Darcy was given an oxygen mask on a JetBlue flight after showing signs of distress. Darcy's‚Ä¶ https://t.co/BfzWbTXPzn,-0.5267,0.0,0.159,0.841
214,14,@CNN,"In an experiment, Australian scientists have successfully wiped out more than 80% of disease-carrying mosquitoes in‚Ä¶ https://t.co/SKnF8K2Fiw",0.4939,0.167,0.0,0.833
215,15,@CNN,A rescue organization in the Turks and Caicos Islands finds good homes for stray potcake puppies -- and allows tour‚Ä¶ https://t.co/iNMmocN8kl,0.7351,0.256,0.0,0.744
216,16,@CNN,"The US Navy has expanded its hair rules for female sailors, now permitting braids, ponytails and lock hairstyles‚Ä¶ https://t.co/dOUdRk9UTb",0.0,0.0,0.0,1.0
217,17,@CNN,There is now only one Blockbuster store left in the United States https://t.co/eVtGl36DfQ https://t.co/mSVPk9Ctj8,0.7717,0.358,0.0,0.642
218,18,@CNN,Shark bites Instagram model posing in the Bahamas https://t.co/w8PWXHQQA9 https://t.co/PDEQl5ItJK,0.0,0.0,0.0,1.0
219,19,@CNN,"Build-A-Bear was forced to turn customers away after an onslaught of people came to take advantage of its ""pay your‚Ä¶ https://t.co/mQstVtHGrj",-0.34,0.082,0.18,0.738
220,20,@CNN,"Hawaii just became the first state in the US to ban the sale of sunscreens that can harm coral reefs. Banana Boat,‚Ä¶ https://t.co/3gDJp7a6Pr",-0.7964,0.0,0.253,0.747
221,21,@CNN,The first underwater museum in the United States has opened off the coast of northwest Florida‚Ä¶ https://t.co/U10bURPlJy,0.4215,0.149,0.0,0.851
222,22,@CNN,"A flight from Hong Kong to the Chinese mainland suddenly lost air pressure and dropped nearly 20,000 feet because t‚Ä¶ https://t.co/PwqdFH1baL",-0.5423,0.0,0.2,0.8
223,23,@CNN,The world's largest water slide will be demolished after a boy died on the ride in 2016 https://t.co/qy7pPAIIpj https://t.co/5B2eS3BeUG,-0.5574,0.0,0.175,0.825
224,24,@CNN,"A particle called a neutrino was detected on Earth, found by sensors deep in the Antarctic ice, and traced to its s‚Ä¶ https://t.co/2hYUZxCN18",0.0,0.0,0.0,1.0
225,25,@CNN,Donald Trump says he's more popular than Abraham Lincoln. That's a hard claim to back up. https://t.co/OuPCv74UuU https://t.co/8Vq521unnS,0.4005,0.159,0.072,0.77
226,26,@CNN,"Nancy Sinatra, the first wife of singer Frank Sinatra, died Friday at the age of 101, her daughter said https://t.co/Vrg3IJD89f",-0.5574,0.0,0.159,0.841
227,27,@CNN,A Florida man had a heart attack while laying sod in his front yard to avoid getting a fine from his homeowner's as‚Ä¶ https://t.co/kR8NfiUSis,-0.5423,0.072,0.211,0.717
228,28,@CNN,A jury has awarded $4.62 billion to 22 women who sued pharmaceutical giant Johnson &amp; Johnson alleging their ovarian‚Ä¶ https://t.co/rQDYbNWZTD,0.4019,0.13,0.0,0.87
229,29,@CNN,These giant avocados are growing in Australia. Some have been known to weigh up to four pounds and are about five t‚Ä¶ https://t.co/cgXFVEx1o5,0.1779,0.072,0.0,0.928
230,30,@CNN,President Trump and Katy Perry are among the Twitter users hit hardest by the follower purge https://t.co/4V3kmwmrhL https://t.co/Uak1BlooYe,0.0,0.0,0.0,1.0
231,31,@CNN,"A rare flood of desert rain has transformed a lake in Australia from an arid, salty basin to a spectacular, watery‚Ä¶ https://t.co/HCBw2jd5h8",0.0,0.0,0.0,1.0
232,32,@CNN,"Is there such a thing as going too far for a laugh? #HistoryOfComedy is back, and pushing boundaries further than e‚Ä¶ https://t.co/TFgGf1hYqY",0.5574,0.159,0.0,0.841
233,33,@CNN,"Meet Care-E, the automated airport assistant that scans a boarding pass, carries luggage and guides passengers to t‚Ä¶ https://t.co/dYT6NIBJ4p",0.0,0.0,0.0,1.0
234,34,@CNN,"Tomatoes and strawberries were disappearing for weeks from hanging baskets outside this family's house, but a secur‚Ä¶ https://t.co/uqaam0yNAA",0.0,0.0,0.0,1.0
235,35,@CNN,"Stitch Fix is tapping into the children's apparel market, launching subscription boxes with sizes 2T to 14. Founder‚Ä¶ https://t.co/ZrRGUduQ40",0.0,0.0,0.0,1.0
236,36,@CNN,Mysterious burns on teen's face caused by brush with toxic plant https://t.co/oHEvX9UAW9 https://t.co/bU0ztER1VM,0.0,0.0,0.0,1.0
237,37,@CNN,"RT @AC360: Hi, I'm @AndersonCooper. I am really excited about our new show on Facebook Watch called Full Circle, a program created for you,‚Ä¶",0.5709,0.19,0.0,0.81
238,38,@CNN,Roger Stone appears to be the unnamed individual in a new Russia probe indictment made public Friday who is describ‚Ä¶ https://t.co/zeashgdqOn,0.0,0.0,0.0,1.0
239,39,@CNN,The woman who was harassed by a man for wearing a Puerto Rico flag shirt wants the officer who ignored her pleas fo‚Ä¶ https://t.co/JuErNNdBTT,-0.7003,0.0,0.225,0.775
240,40,@CNN,"RT @AC360: Anderson Cooper: The ""witch hunt,"" as the President called it, has now yielded 191 charges against 32 individuals and 3 companie‚Ä¶",-0.5574,0.0,0.187,0.813
241,41,@CNN,How will Trump deal with Putin in Helsinki? | By Michael Bociurkiw via @CNNOpinion https://t.co/8TvNaMjvxP https://t.co/5P7J59HZtl,0.0,0.0,0.0,1.0
242,42,@CNN,6 takeaways from the indictment of Russians for DNC hacking https://t.co/YjtwLqHn5F https://t.co/nAryrG6hCZ,0.0,0.0,0.0,1.0
243,43,@CNN,Apple is helping bring education to girls in Brazil https://t.co/iFGmNlvCNu https://t.co/yNYKe0uvdN,0.296,0.18,0.0,0.82
244,44,@CNN,"Despite Russia election bombshell, the Trump-Putin show will go on | Analysis by CNN's @StCollinson‚Ä¶ https://t.co/z05mQ9M8DT",0.0,0.0,0.0,1.0
245,45,@CNN,"A Chinese spy ship is currently spying on a major US-led military exercise off the coast of Hawaii, the same exerci‚Ä¶ https://t.co/TqPlHPG1b6",0.0,0.0,0.0,1.0
246,46,@CNN,At least 128 people have died in a suicide attack in Pakistan that targeted the convoy of a political candidate in‚Ä¶ https://t.co/n2w7kqnweP,-0.9042,0.0,0.397,0.603
247,47,@CNN,Former Pakistani Prime Minister Nawaz Sharif and his daughter have been arrested and are being held in Islamabad af‚Ä¶ https://t.co/w980YBz06B,-0.4767,0.0,0.14,0.86
248,48,@CNN,"The FDA for the first time has approved a drug to treat smallpox.

The disease was eradicated in the 1980s, but the‚Ä¶ https://t.co/80tEjE75Yi",0.4118,0.158,0.0,0.842
249,49,@CNN,The death of a 16-year-old who was pinned and suffocated in his own minivan has prompted Cincinnati officials to im‚Ä¶ https://t.co/l0xG9BFXxP,-0.5994,0.0,0.17,0.83
250,50,@CNN,The indictment of 12 Russians has stunning implications | By Harry Litman via @CNNOpinion https://t.co/6lbXQQ2RW5 https://t.co/ufwplUdzj8,0.3818,0.157,0.0,0.843
251,51,@CNN,"RT @CuomoPrimeTime: .@ChrisCuomo: ""You can't read this indictment... and not face the reality that the United States was hacked, by Russia,‚Ä¶",0.0258,0.114,0.11,0.776
252,52,@CNN,The US Food and Drug Administration is advising people to avoid eating fresh crab meat from Venezuela because of po‚Ä¶ https://t.co/3PEVpUFyFO,0.0258,0.098,0.094,0.809
253,53,@CNN,Scarlett Johansson has opted to withdraw from a film in which she was set to play a transgender man after her casti‚Ä¶ https://t.co/yd5SVHkmck,0.34,0.107,0.0,0.893
254,54,@CNN,"RT @AC360: .@JeffreyToobin: ""Today is actually a significant moment in American history. We've only had 45 presidents... now we know one of‚Ä¶",0.2023,0.083,0.0,0.917
255,55,@CNN,"Seven in 10 registered voters say they're extremely or very interested in the November elections, a record high in‚Ä¶ https://t.co/2bpEVzpV1e",0.5034,0.153,0.0,0.847
256,56,@CNN,Republicans praise ex-FBI lawyer Lisa Page's testimony one day after the heated Peter Strzok hearing‚Ä¶ https://t.co/9CWHzrApH9,0.5574,0.194,0.0,0.806
257,57,@CNN,"RT @OutFrontCNN: ""It's as if your neighbor came over, robbed your house, burned it down, and then next day you go have a meal with him at t‚Ä¶",0.0,0.0,0.0,1.0
258,58,@CNN,"RT @AC360: Journalist @carlbernstein on Russian indictments: ""This was an act of war by the Russians. An act of cyber warfare to undermine‚Ä¶",-0.7269,0.0,0.225,0.775
259,59,@CNN,Former CIA Director Michael Hayden said he anticipates many more indictments -- including those of Americans -- to‚Ä¶ https://t.co/eO4QMTijWa,0.0,0.0,0.0,1.0
260,60,@CNN,RT @AC360: Former Hillary Clinton campaign manager @RobbyMook on the indictment of 12 Russians for the DNC hacking: ‚ÄúIt‚Äôs disturbing that t‚Ä¶,-0.5106,0.0,0.136,0.864
261,61,@CNN,"RT @OutFrontCNN: ""I find the release of this indictment today as very selective, and I think it's somewhat inappropriate considering that t‚Ä¶",0.0,0.0,0.0,1.0
262,62,@CNN,Tens of thousands of protesters gathered in London to protest President Donald Trump's visit. Here's a look at the‚Ä¶ https://t.co/OSPQapCEvh,-0.4404,0.0,0.187,0.813
263,63,@CNN,A 6-year-old girl whose tearful pleas to immigration officers were heard across the country in an audio recording h‚Ä¶ https://t.co/hk9AE3rhLf,0.0,0.0,0.0,1.0
264,64,@CNN,"In case a shark ever attacks, here are some tips to keep you from becoming a snack https://t.co/oIDBTidb3i via‚Ä¶ https://t.co/99huW4X7vx",-0.4404,0.0,0.146,0.854
265,65,@CNN,"More than 2,500 children could need to be reunited with their parents in the next two weeks after officials separat‚Ä¶ https://t.co/QlRys106lo",0.0,0.0,0.0,1.0
266,66,@CNN,The FDA joins 22 countries' recall of a common heart drug https://t.co/iGgF80fcqM https://t.co/ClFztyulfn,0.0,0.0,0.0,1.0
267,67,@CNN,"This video store in Bend, Oregon, will be the last remaining Blockbuster in the United States‚Ä¶ https://t.co/JgGL330QBM",0.7717,0.309,0.0,0.691
268,68,@CNN,It's not always easy to go green. Starbucks and Nestl√© customers embraced the brands' moves to environmentally-frie‚Ä¶ https://t.co/zBjm5S5tSp,-0.3412,0.0,0.124,0.876
269,69,@CNN,The FDA has announced its approval of the first drug to treat smallpox https://t.co/0GdIkDApqe https://t.co/fXSs1FtDX7,0.7003,0.309,0.0,0.691
270,70,@CNN,How do you rebrand Papa John's when the problem is Papa John? https://t.co/NShv8HsGrK https://t.co/6uTR0rbHJW,-0.4019,0.0,0.172,0.828
271,71,@CNN,"‚ÄúWhatever you do is OK with me,‚Äù President Trump said in a joint news conference with British Prime Minister Theres‚Ä¶ https://t.co/xIfVwmwvo5",0.4466,0.134,0.0,0.866
272,72,@CNN,The world's largest water slide will be demolished after a boy died on the ride in 2016 https://t.co/39LiOgOFqu https://t.co/MGFaFzcjLz,-0.5574,0.0,0.175,0.825
273,73,@CNN,"Hawaii just became the first state in the US to ban the sale of sunscreens that can harm coral reefs. Banana Boat,‚Ä¶ https://t.co/DpR3IJ32Ef",-0.7964,0.0,0.253,0.747
274,74,@CNN,Trump asked Russians to get Clinton emails. They immediately started trying. | Analysis by CNN's Z. Byron Wolf https://t.co/JZx6oBlFJG,0.0,0.0,0.0,1.0
275,75,@CNN,"RT @CNNMoney: ‚ÄúWhatever you do is OK with me,‚Äù President Trump said in a joint news conference with British Prime Minister Theresa May, aft‚Ä¶",0.4466,0.118,0.0,0.882
276,76,@CNN,Democratic Rep. Steve Cohen says he regrets his remark that embattled FBI agent Peter Strzok deserves a Purple Hear‚Ä¶ https://t.co/dzMh6pdXM3,-0.3612,0.0,0.122,0.878
277,77,@CNN,WeWork is going meat-free. Staffers were told that the company will no longer serve meat at employee events or reim‚Ä¶ https://t.co/JkGZHGiIv7,-0.296,0.0,0.099,0.901
278,78,@CNN,Eight endangered black rhinos die in Kenya national park just weeks after the animals were moved‚Ä¶ https://t.co/yw5IoX7vNF,-0.5994,0.0,0.196,0.804
279,79,@CNN,"RT @CNNSitRoom: ""It's time for the President of the United States to stand up for America,"" Rep. Garamendi says after 12 Russian intelligen‚Ä¶",0.4215,0.113,0.0,0.887
280,80,@CNN,"A Chinese spy ship is currently spying on a major US-led military exercise off the coast of Hawaii, the same exerci‚Ä¶ https://t.co/pwsRFS0nkS",0.0,0.0,0.0,1.0
281,81,@CNN,"The Fed is ready to keep raising rates, but faces a list of uncertainties https://t.co/5fHWdVMAyf https://t.co/xn8m41XTxl",-0.3291,0.098,0.174,0.728
282,82,@CNN,"RT @CNNSitRoom: Senator Lankford says President Trump shouldn't cancel the summit with Putin, adding, ‚ÄúI would certainly hope the President‚Ä¶",0.7219,0.293,0.0,0.707
283,83,@CNN,"For the first time, scientists have been able to trace the origins of a ghostly subatomic particle that traveled 3.‚Ä¶ https://t.co/M3S0FZgLxQ",0.0,0.0,0.0,1.0
284,84,@CNN,These giant avocados are growing in Australia. Some have been known to weigh up to four pounds and are about five t‚Ä¶ https://t.co/272OM56akG,0.1779,0.072,0.0,0.928
285,85,@CNN,"""The American President has taken his gaslighter-in-chief world tour to Europe and is giving British Prime Minister‚Ä¶ https://t.co/6LKXg37a4K",0.34,0.124,0.0,0.876
286,86,@CNN,"RT @TheLeadCNN: Fmr. acting Solicitor General Neal Katyal says the upcoming Trump-Putin summit is 'frightening': ""This is kinda like Lebron‚Ä¶",0.2975,0.104,0.0,0.896
287,87,@CNN,Intel gathered by US officials captured some of the Russians accused in today‚Äôs indictments congratulating each oth‚Ä¶ https://t.co/jt3oZvtdxn,-0.296,0.0,0.115,0.885
288,88,@CNN,The Trump administration outlined for a federal judge how it plans to implement a pair of court orders central to t‚Ä¶ https://t.co/nQsY9LPyjf,0.0,0.0,0.0,1.0
289,89,@CNN,"RT @TheLeadCNN: Even after learning about the indictments of 12 Russian intel officers for a cyber attack against the US, President Trump,‚Ä¶",-0.4767,0.0,0.134,0.866
290,90,@CNN,A rescue organization in the Turks and Caicos Islands finds good homes for stray potcake puppies -- and allows tour‚Ä¶ https://t.co/j9s13nH0Hi,0.7351,0.256,0.0,0.744
291,91,@CNN,"Sen. John McCain: ""If President Trump is not prepared to hold Putin accountable, the summit in Helsinki should not‚Ä¶ https://t.co/g6uzCjUzZD",-0.1695,0.0,0.081,0.919
292,92,@CNN,There is now only one Blockbuster store left in the United States https://t.co/ufVOf4pock https://t.co/b9SsSAHKdI,0.7717,0.358,0.0,0.642
293,93,@CNN,Anderson Cooper Full Circle ‚Äî  CNN's brand new daily interactive global brief featuring interviews with the day's b‚Ä¶ https://t.co/99OdnouUoM,0.0,0.0,0.0,1.0
294,94,@CNN,"RT @TheLeadCNN: I would not be surprised if this were the last indictment we see ""that doesn't mention an American,"" former NSA and CIA Dir‚Ä¶",-0.1695,0.0,0.068,0.932
295,95,@CNN,"One of Hollywood's most dependable franchises has a new film opening this weekend. That franchise? Dwayne ""The Rock‚Ä¶ https://t.co/4ccAmTVlxy",0.0,0.0,0.0,1.0
296,96,@CNN,"RT @TheLeadCNN: The White House says the summit with Russian President Putin is not being canceled, despite 12 Russians being indicted toda‚Ä¶",0.0,0.0,0.0,1.0
297,97,@CNN,House Minority Leader Nancy Pelosi recommended that the Democratic caucus hold its leadership elections after Thank‚Ä¶ https://t.co/LZoBGy0EiZ,0.2023,0.101,0.0,0.899
298,98,@CNN,RT @AC360: Anderson Cooper Full Circle ‚Äî  our brand new daily interactive global brief featuring interviews with the day's biggest newsmake‚Ä¶,0.0,0.0,0.0,1.0
299,99,@CNN,"During an event hosted by The Economic Club in Washington, House Speaker Paul Ryan said his Chevy Suburban was gnaw‚Ä¶ https://t.co/0fgVho3m9q",0.0,0.0,0.0,1.0
300,0,@FoxNews,".@SenMikeLee: ""This judge is going to be confirmed and he's going to be Justice Kavanaugh within a matter of months‚Ä¶ https://t.co/7GECjzWhGM",0.5423,0.2,0.0,0.8
301,1,@FoxNews,".@SenMikeLee: ""Of course I was honored to be considered"" for SCOTUS. #Cavuto https://t.co/nYULvrgJI8",0.5859,0.257,0.0,0.743
302,2,@FoxNews,".@SenMikeLee on @HillaryClinton running for president: ""I welcome that. Look, she was a disastrous candidate for th‚Ä¶ https://t.co/Afdu7qg5SS",-0.2263,0.137,0.178,0.685
303,3,@FoxNews,"Fmr. Attorney General Michael Mukasey: ""If the point is to rain on @POTUS's parade and Mr. Putin's parade, that may‚Ä¶ https://t.co/DTKigIlJDI",0.0,0.0,0.0,1.0
304,4,@FoxNews,MONDAY: Chris Wallace will conduct an exclusive interview with Russian President Vladimir Putin following the summi‚Ä¶ https://t.co/DEXDGMkKF9,0.128,0.086,0.0,0.914
305,5,@FoxNews,".@SenMikeLee: ""I think Sec. Clinton should be ashamed of those comments and I call upon her to rescind them.""‚Ä¶ https://t.co/EtHOv2Ah3T",-0.4767,0.0,0.147,0.853
306,6,@FoxNews,".@SenMikeLee: ""I... predict we'll end up with every Republican supporting Judge Kavanaugh's confirmation. I also th‚Ä¶ https://t.co/Iy7kVy0ecQ",0.4404,0.162,0.0,0.838
307,7,@FoxNews,".@SenMikeLee on Mueller probe: ""I don't call it a witch hunt. I call it an investigation. But I also call it an inv‚Ä¶ https://t.co/zdiiFjh7xB",0.2755,0.095,0.0,0.905
308,8,@FoxNews,".@SenMikeLee: ""We've known for decades that the Russians try to meddle in U.S. elections. What changed in 2016 is t‚Ä¶ https://t.co/8OL3LC6JU5",0.0,0.0,0.0,1.0
309,9,@FoxNews,".@SenMikeLee on Trump/Putin meeting: ""I don't see any good reason to cancel it."" #Cavuto https://t.co/vvjuF6jYcM",-0.5277,0.0,0.253,0.747
310,10,@FoxNews,Woman wanted for grand theft goes missing after her husband dies with lethal levels of Benadryl in his system https://t.co/PmMMslo3Bd,0.2023,0.129,0.095,0.776
311,11,@FoxNews,".@DanGeltrude: ""The substance is lower taxes, lower regulations - that has been fueling the market for awhile now.""‚Ä¶ https://t.co/asfJvR5U8k",-0.5267,0.0,0.216,0.784
312,12,@FoxNews,.@POTUS in Scotland ahead of meeting with Russian President Putin; @kevincorke reports. #Cavuto https://t.co/T8g8ISYK2m,0.0,0.0,0.0,1.0
313,13,@FoxNews,".@HillaryClinton: ""I believe with all my heart that the test of any society is how we treat the most vulnerable amo‚Ä¶ https://t.co/BtqOWIZgFb",0.1298,0.108,0.088,0.803
314,14,@FoxNews,"Critics slam 'embarrassing' Mayor Sadiq Khan for feuding with Trump while London faces rising crime, knife deaths https://t.co/CKgbGKbJNu",-0.872,0.0,0.438,0.562
315,15,@FoxNews,".@RepTimRyan: ""The country wants us to stop being divided. We need to put forth an agenda that can help people get‚Ä¶ https://t.co/zeMwkQkJUa",0.128,0.108,0.088,0.803
316,16,@FoxNews,"This morning, President @realDonaldTrump expressed his condolences after the deadly flooding in Japan.‚Ä¶ https://t.co/07rbp7U4Tf",0.0,0.0,0.0,1.0
317,17,@FoxNews,"#NancySinatraSr, first wife of Frank Sinatra, dead at 101 https://t.co/Rdit6IJCya",-0.6486,0.0,0.323,0.677
318,18,@FoxNews,"Thailand cave rescue boys thank rescuers, admit they are craving pork, rice and KFC https://t.co/Mp6Tga3m7E",0.765,0.388,0.0,0.612
319,19,@FoxNews,.@AlanDersh: ‚ÄúThe minority party doesn‚Äôt get to make foreign policy.‚Äù https://t.co/qjxJI6Gkqm,0.4019,0.213,0.0,0.787
320,20,@FoxNews,Texas sheriff's deputy with 'heart of gold' to donate kidney to man in need https://t.co/RGvOexQJBO,0.0,0.0,0.0,1.0
321,21,@FoxNews,Police searching for paraglider who flew over Trump's Scotland golf resort and breached no-fly zone https://t.co/tTdvl75Knv,0.0,0.0,0.0,1.0
322,22,@FoxNews,"John McLauhglin: ""The president's America first policy is succeeding."" https://t.co/BuMD0ARJOE",0.0,0.0,0.0,1.0
323,23,@FoxNews,'Fixer Upper' star Chip Gaines shares close-up photo of 3-week-old son Crew: 'My heart is full' https://t.co/GiJ6TGlCQO,0.296,0.121,0.0,0.879
324,24,@FoxNews,.@SenateMajLdr Expects Kavanaugh Vote by October https://t.co/BiQc4KQrcz,0.0,0.0,0.0,1.0
325,25,@FoxNews,".@RepDeSantis: ‚ÄúI think Strzok‚Äôs testimony really left a lot of American frustrated because he was not honest, not‚Ä¶ https://t.co/jLDVpY8ZD8",-0.7271,0.0,0.276,0.724
326,26,@FoxNews,OPINION: I was Supreme Court nominee Kavanaugh's law clerk -- Let me tell you about the man I know https://t.co/xx1IdPQpTh,0.5574,0.175,0.0,0.825
327,27,@FoxNews,'Cal 3' backer urges court to dismiss lawsuit opposing California break-up plan https://t.co/aeLbUxUuXq,-0.2263,0.0,0.137,0.863
328,28,@FoxNews,"Lisa Page 'cooperative,' 'credible,' lawmakers say after 5-hour closed-door session https://t.co/gUwOtnr4gz",0.0,0.0,0.0,1.0
329,29,@FoxNews,Wounded Marine Vet: 'Disgraceful' &amp; 'Disgusting' for Dem Rep to Suggest Strzok Deserves Purple Heart https://t.co/maig19EDys,0.0,0.0,0.0,1.0
330,30,@FoxNews,.@dbongino: ‚ÄúI scoured the entire indictment yesterday‚Ä¶ and there‚Äôs no collusion in there.‚Äù https://t.co/Ics2CGTujl,-0.296,0.0,0.145,0.855
331,31,@FoxNews,President Trump reportedly wants a ‚Äòmore American‚Äô-looking Air Force One https://t.co/xB39fso1uG,0.0,0.0,0.0,1.0
332,32,@FoxNews,"5-year-old boy helps write his own obituary before tragic cancer death: 'See ya later, suckas!' https://t.co/8nCXQt0diL",-0.8748,0.099,0.443,0.458
333,33,@FoxNews,Never-before-seen Winston Churchill WWII photos surface https://t.co/uoBNPapA76,0.0,0.0,0.0,1.0
334,34,@FoxNews,Paragliding Protester Greets @POTUS https://t.co/s03qnZotCH,0.1531,0.286,0.0,0.714
335,35,@FoxNews,Florida beaches closed after shark attacks leave 2 injured: report https://t.co/Qy5NtRU8zB,-0.7003,0.0,0.493,0.507
336,36,@FoxNews,"OPINION: Indictment arguments aside, Trump is right to meet with Putin https://t.co/gI9NigoMBI",-0.4019,0.0,0.197,0.803
337,37,@FoxNews,Barn-find 1962 Jaguar E-type awakens from 35-year cat nap https://t.co/1HiZ0ztgiU,0.0,0.0,0.0,1.0
338,38,@FoxNews,Federal judge commends Trump administration for 'good faith' in family reunifications https://t.co/VQEAZnpkO4,0.6908,0.363,0.0,0.637
339,39,@FoxNews,"Veteran, 95, jumps off diving board to motivate scared boy https://t.co/y0aEG5bEUe",0.0,0.264,0.196,0.541
340,40,@FoxNews,"Driver trapped in burning BMW after engine caught fire, brakes failed. Cause unclear https://t.co/MrYf4rqaJB",-0.8779,0.0,0.526,0.474
341,41,@FoxNews,.@SenJohnMcCain say's Helsinki summit 'should not move forward' unless Trump takes firm stand against Russian meddl‚Ä¶ https://t.co/4FAvEipdjv,0.0,0.0,0.0,1.0
342,42,@FoxNews,"Nancy Sinatra Sr., first wife of Frank Sinatra, dead at 101 https://t.co/Rdit6Is1GC",-0.6486,0.0,0.281,0.719
343,43,@FoxNews,Fox News Poll: #AbolishICE not trending among voters https://t.co/sbCRozC0iH,0.0,0.0,0.0,1.0
344,44,@FoxNews,"Karen Tumulty: ""With these indictments, the Mueller investigation goes actually right to the heart of Vladimir Puti‚Ä¶ https://t.co/fhN9th1jGF",0.0,0.0,0.0,1.0
345,45,@FoxNews,"MLB suspends Papa John's promotion until after All-Star break, pizza company says https://t.co/zTJ1njD2GS",0.0,0.0,0.0,1.0
346,46,@FoxNews,Custom Ford Mustang honoring America's WW II Eagle Squadrons to be auctioned for charity #ProudAmerican  https://t.co/rpEinkJeVm,0.7269,0.303,0.0,0.697
347,47,@FoxNews,Kylie Jenner campaign hopes to get young mogul to billionaire status https://t.co/nYYhGzKOtJ,0.4215,0.203,0.0,0.797
348,48,@FoxNews,New Jersey woman charged with hacking Selena Gomez's email  https://t.co/tJsKW2bqw9,-0.2023,0.0,0.167,0.833
349,49,@FoxNews,"Giant hogweed severely burns Virginia teen, 17, sending him to hospital, report says https://t.co/pQPki6hvwF",-0.4588,0.0,0.188,0.812
350,50,@FoxNews,".@dagenmcdowell: ""Peter Strzok testified that Bob Mueller, special counsel, never asked him about specific texts, n‚Ä¶ https://t.co/WtzoUVARgF",0.4019,0.144,0.0,0.856
351,51,@FoxNews,".@RCamposDuffy: ""This happened under Obama's watch."" #Outnumbered https://t.co/NWKE7CHBOm https://t.co/iAwgIyaV6w",0.0,0.0,0.0,1.0
352,52,@FoxNews,".@karringtonsc: ""I didn't stop talking to God from the moment of impact. Very loudly - I was not quiet.""‚Ä¶ https://t.co/1916z2nsud",0.4567,0.2,0.0,0.8
353,53,@FoxNews,"Sen. @LindseyGrahamSC: ""I have a lot of faith in President Trump. Bush misread Putin. Putin ran over Obama because‚Ä¶ https://t.co/i1wT4gLpLi",0.1779,0.128,0.096,0.776
354,54,@FoxNews,UK police confirm source of Novichok poisoning https://t.co/JCXQj6CzII,-0.5859,0.0,0.352,0.648
355,55,@FoxNews,"Sen. @LindseyGrahamSC: ""Russia did interfere in our election, and if I were the president, I would not ask Putin di‚Ä¶ https://t.co/3rApgOhFez",0.0,0.0,0.0,1.0
356,56,@FoxNews,Texas fishermen pull 8-foot alligator gar from river: 'She's a beast' https://t.co/UpYe8MxNZf,0.0,0.0,0.0,1.0
357,57,@FoxNews,".@FLOTUS helps children to make poppies as she meets British military veterans known as ""Chelsea Pensioners"" at the‚Ä¶ https://t.co/rn4wJPbrMH",0.3818,0.126,0.0,0.874
358,58,@FoxNews,.@SpeakerRyan says woodchucks 'ate' his SUV -- and he's not alone https://t.co/bueGmwg3of,0.1877,0.137,0.0,0.863
359,59,@FoxNews,Chinese spy ship lurking off Hawaiian coast amid huge naval exercise: US officials https://t.co/JHUpiIaNvE,0.2023,0.146,0.095,0.759
360,60,@FoxNews,"What's the GRU, Russia's military intelligence agency? 3 things to know https://t.co/2ocaQqcdl3",0.4767,0.237,0.0,0.763
361,61,@FoxNews,"Leon Aron on Trump, Putin meeting: ""I think what @POTUS wants to show most of all, is that he can succeed where‚Ä¶ https://t.co/rym24Wcq3n",0.4939,0.127,0.0,0.873
362,62,@FoxNews,.@NASA shares creepy image of 'spiders' on Mars https://t.co/0FtnyoZ5A9,0.296,0.216,0.0,0.784
363,63,@FoxNews,Don‚Äôt miss ‚ÄúFox Report with Jon Scott‚Äù Saturdays at 7p ET and Sundays at 6p ET on Fox News Channel! @JonScottFNC https://t.co/azFkrUyVaU,-0.2244,0.0,0.083,0.917
364,64,@FoxNews,".@shelbyholliday on 12 Russian officers indicted in Mueller probe: ""It not only makes the Mueller probe more credib‚Ä¶ https://t.co/qQYi7826r9",0.0,0.0,0.0,1.0
365,65,@FoxNews,.@KimStrassel: Trump could deliver a second tax cut -- without having to deal with Congress. Here's how https://t.co/03An32A8BS,-0.2732,0.0,0.116,0.884
366,66,@FoxNews,Florida man warns about saltwater poisoning after dog dies days after beach trip https://t.co/tUf365EKZK,-0.6369,0.0,0.302,0.698
367,67,@FoxNews,Arizona lawmaker apologizes after bragging about speeding to cop during traffic stop https://t.co/W8TP9o8ioD,0.0772,0.159,0.14,0.701
368,68,@FoxNews,"Villanova ministry director facing child porn charges called naked toddler girls 'hot,' police say https://t.co/UccaIrvyvM",-0.2732,0.0,0.13,0.87
369,69,@FoxNews,Texas woman reels in 7-foot shark: 'Thank God for CrossFit' https://t.co/Afch0gyJZS,0.5574,0.338,0.0,0.662
370,70,@FoxNews,'Fixer Upper' star Chip Gaines shares close-up photo of 3-week-old son Crew: 'My heart is full' https://t.co/IsaoZGRVnr,0.296,0.121,0.0,0.879
371,71,@FoxNews,".@seanhannity: ""Why announce these indictments today, on the eve of this meeting between the president and Vladimir‚Ä¶ https://t.co/IAPHuCc8iE",0.0,0.0,0.0,1.0
372,72,@FoxNews,"ICE agents arrest 18 human smugglers, 117 illegal immigrants in Texas, New Mexico https://t.co/q7O7q5H2pm",-0.8126,0.0,0.433,0.567
373,73,@FoxNews,".@seanhannity: ""No Americans, Rod Rosenstein said, are suspected now of playing any role in these election crimes.""‚Ä¶ https://t.co/emqjqUsCsD",-0.3182,0.086,0.196,0.718
374,74,@FoxNews,Man charged in cold-case murder of elderly California woman. https://t.co/puFmgcOY5p,-0.7579,0.0,0.448,0.552
375,75,@FoxNews,"7 endangered black rhinos found dead in Kenya, officials say it's 'a complete disaster' https://t.co/d3So5XcviC",-0.8555,0.0,0.412,0.588
376,76,@FoxNews,Federal judge commends Trump administration for 'good faith' in family reunifications. https://t.co/Cs8e9JZ3k6,0.6908,0.363,0.0,0.637
377,77,@FoxNews,Woman gets 40 years in prison for trying to sell 2-year-old daughter for sex. https://t.co/waJhLdBHF6,-0.5106,0.0,0.191,0.809
378,78,@FoxNews,"""Ghost dunes"" found on Mars could hold proof of ancient life on the red planet, according to newly published resear‚Ä¶ https://t.co/1iqZsAGo5q",-0.3182,0.0,0.103,0.897
379,79,@FoxNews,"Infant dies day after showing symptoms of meningitis, family says https://t.co/VKbge3GA8x",0.0,0.0,0.0,1.0
380,80,@FoxNews,The Daily Spike: Albie and the Harrell family on why they chose to train a service dog https://t.co/8sxyDx87Cl,0.0,0.0,0.0,1.0
381,81,@FoxNews,OPINION: Republicans walked right into Peter Strzok's trap -- Here's what they missed. https://t.co/PTLpUenTYn,-0.5423,0.0,0.273,0.727
382,82,@FoxNews,Texas fishermen pull 8-foot alligator gar from river: 'She's a beast' https://t.co/ku7k07nvyi,0.0,0.0,0.0,1.0
383,83,@FoxNews,"MLB suspends Papa John's promotion until after All-Star break, pizza company says https://t.co/4V5EwXbNWC",0.0,0.0,0.0,1.0
384,84,@FoxNews,"OPINION: Indictment arguments aside, Trump is right to meet with Putin https://t.co/gI9NigGo0i",-0.4019,0.0,0.197,0.803
385,85,@FoxNews,Florida beaches closed after shark attacks leave 2 injured: report https://t.co/x1ocKP9FZY,-0.7003,0.0,0.493,0.507
386,86,@FoxNews,"The crew of the Coast Guard Cutter Kukui arrives in Sitka, Alaska after circumnavigating North America for a year.‚Ä¶ https://t.co/bck1GhBVjR",0.0,0.0,0.0,1.0
387,87,@FoxNews,"Billy Bush's wife, Sydney Davis, files for divorce after nearly 20 years of marriage: report https://t.co/HGlH3vwHt3",0.0,0.0,0.0,1.0
388,88,@FoxNews,'A Step in the Right Direction': @GiannoCaldwell Praises Trump DOJ After 1955 Emmett Till Case Reopened https://t.co/LPzMLzaemb,0.5267,0.175,0.0,0.825
389,89,@FoxNews,Graham: Trump Must 'Reject' Any Putin Denials of Election Meddling https://t.co/USc9GNYEEa,0.0,0.0,0.0,1.0
390,90,@FoxNews,"Blockbuster video stores closing in Alaska, leaving chain with 1 location in US https://t.co/m3AdMnEWhN",0.5994,0.245,0.0,0.755
391,91,@FoxNews,.@SenJohnMcCain says Helsinki summit 'should not move forward' unless Trump takes firm stand against Russian meddli‚Ä¶ https://t.co/e4zPezMUf3,0.0,0.0,0.0,1.0
392,92,@FoxNews,".@newtgingrich: GOP could win big in November thanks to Democrats‚Äô radical, unrealistic immigration stance. (via‚Ä¶ https://t.co/ikYdQgmvIy",0.7717,0.324,0.0,0.676
393,93,@FoxNews,".@AlanDersh: ""This indictment proves that we never needed a special counsel."" #TheStory https://t.co/NWKE7CHBOm https://t.co/lhJSkUAGZT",-0.3089,0.0,0.158,0.842
394,94,@FoxNews,".@AlanDersh: ""Every civil libertarian should be concerned about even if there's a possibility that an informant was‚Ä¶ https://t.co/48Lzaqjc5S",0.2263,0.106,0.0,0.894
395,95,@FoxNews,.@SpeakerRyan says woodchucks 'ate' his SUV -- and he's not alone. https://t.co/bueGmwg3of,0.1877,0.137,0.0,0.863
396,96,@FoxNews,"Sen. @LindseyGrahamSC: ""Nothing would please Russia more than chaos in America."" #TheStory https://t.co/0ZDI3jYOJo",-0.3976,0.133,0.23,0.637
397,97,@FoxNews,"Sen. @LindseyGrahamSC: ""I have a lot of faith in President Trump. Bush misread Putin. Putin ran over Obama because‚Ä¶ https://t.co/8nfb5Yii51",0.1779,0.128,0.096,0.776
398,98,@FoxNews,"Sen. @LindseyGrahamSC: ""Russia did interfere in our election, and if I were the president, I would not ask Putin di‚Ä¶ https://t.co/HWt2DqxNZh",0.0,0.0,0.0,1.0
399,99,@FoxNews,"Sen. @LindseyGrahamSC: ""I really feel good about how NATO ended. We're going to meet Putin now with NATO stronger t‚Ä¶ https://t.co/LdTFTbWNxJ",0.6983,0.233,0.0,0.767
400,0,@nytimes,"The day Donald Trump publicly asked Russia to find Hillary Clinton‚Äôs emails in 2016, Russia began to target her ser‚Ä¶ https://t.co/aKEnltUVIh",0.0,0.0,0.0,1.0
401,1,@nytimes,"RT @karenyourish: Trump has spent 169 days of his presidency, or about 30% of his time in office, visiting Trump properties. He is spending‚Ä¶",0.0,0.0,0.0,1.0
402,2,@nytimes,"It was over in less than 20 seconds, but even casual followers of the monarchy were aghast  https://t.co/uIQwVwpJeB",-0.3919,0.1,0.175,0.726
403,3,@nytimes,"Found: A 2,000-year-old sarcophagus that was perfectly sealed.
Inside: Unclear. https://t.co/Lm9p1Gy87I",0.4939,0.296,0.141,0.563
404,4,@nytimes,"The new toll of student debt in 3 charts
https://t.co/bjepY6hUYb",-0.3612,0.0,0.238,0.762
405,5,@nytimes,Not sure what to do in NYC this weekend? We‚Äôve got you. https://t.co/bAq3dvD9gl,0.3182,0.161,0.0,0.839
406,6,@nytimes,"It's the universal World Cup ""oh no"" https://t.co/Acy0y21md6 https://t.co/Y7PfyUNho0",-0.296,0.0,0.216,0.784
407,7,@nytimes,Are you a grammar geek? Test your editing skills in our new quiz. https://t.co/jqqnQQOmiu,-0.2023,0.0,0.13,0.87
408,8,@nytimes,"While the names of FIFA leaders may have changed, the lavish benefits have not https://t.co/OrVIJDKzJD",0.3818,0.157,0.0,0.843
409,9,@nytimes,"Some small studies suggest that spending time in nature, specifically in lush forests, might improve your health https://t.co/wfDmohEEtI",0.4404,0.146,0.0,0.854
410,10,@nytimes,"This weekend, the World Cup final will be underway in Russia. Here's how the tournament ended up there. https://t.co/0DtzfJ51HF",0.0,0.0,0.0,1.0
411,11,@nytimes,RT @katierogers: .@dougmillsnyt is one of the keenest observers of the human condition in journalism (and in the world! Trump says. totally‚Ä¶,0.4926,0.132,0.0,0.868
412,12,@nytimes,The World Cup is about to get 50 percent larger. Hope you took the time to savor this one. https://t.co/S1KXhahyQ6,0.4404,0.132,0.0,0.868
413,13,@nytimes,RT @nytpolitics: Democrats demanded that President Trump cancel his summit with Vladimir Putin after 12 Russian intelligence officers are i‚Ä¶,0.0516,0.129,0.163,0.708
414,14,@nytimes,"John Liu Plots a Comeback Trail, Targeting a Renegade Democrat https://t.co/jVOJMq2k4L",0.0,0.0,0.0,1.0
415,15,@nytimes,"In Trump‚Äôs U.K. Visit, Some See ‚ÄòInfomercial‚Äô for Money-Losing Golf Resort https://t.co/9il1esJ738",0.0,0.0,0.0,1.0
416,16,@nytimes,"Video review made its debut at this World Cup, and it had an immediate impact https://t.co/gW9hVFyi2j",0.0,0.0,0.0,1.0
417,17,@nytimes,First Words: Americans Think ‚ÄòCorruption‚Äô Is Everywhere. Is That Why We Vote for It? https://t.co/xLD6P42SP1,0.0,0.0,0.0,1.0
418,18,@nytimes,"Sarcophagus Found. Contents Unknown. (‚ÄòNo Guessing, Please.‚Äô) https://t.co/nGSstHV6ve",0.0,0.0,0.0,1.0
419,19,@nytimes,"Glorious surprises seemed to lurk everywhere in Oslo, Norway https://t.co/HKAeEiagFg",0.6486,0.409,0.121,0.47
420,20,@nytimes,RT @tackettdc: In Ohio Special election a test for Democrats strength and Republican resolve  https://t.co/p4WXB4IjI8,0.8176,0.436,0.0,0.564
421,21,@nytimes,Phys Ed: Dog Walking Is Good for You. Provided You Do It. https://t.co/zuLXpClv7g,0.4404,0.195,0.0,0.805
422,22,@nytimes,RT @bxchen: Our writer with the best job in the world talks about the tech she uses https://t.co/VY6xJHYbOV,0.6369,0.198,0.0,0.802
423,23,@nytimes,"RT @nytimesarts: The director of the ""Whitney"" documentary explains how he got her family to open up about her childhood abuse. https://t.c‚Ä¶",-0.6369,0.0,0.167,0.833
424,24,@nytimes,"RT @nytimesworld: ‚ÄúHaving a vagina doesn‚Äôt make a woman,‚Äù said Angela Ponce, Spain's transgender competitor in the Miss Universe pageant. ‚Äú‚Ä¶",-0.1531,0.0,0.082,0.918
425,25,@nytimes,"A ""Downton Abbey"" movie is coming https://t.co/81TKuwcdp6",0.0,0.0,0.0,1.0
426,26,@nytimes,"They named it Ingentia prima, meaning ‚Äúthe first giant.‚Äù ‚ÄúThis new dinosaur changes our understanding of how dinosa‚Ä¶ https://t.co/47cDpDv68K",0.0,0.0,0.0,1.0
427,27,@nytimes,"RT @nytpolitics: Russia's largest spy agency has been implicated in the downing of a civilian airliner, armed operations in Syria and now t‚Ä¶",0.0,0.0,0.0,1.0
428,28,@nytimes,A painting worth $1 million has turned up 4 decades after it was stolen from a Manhattan warehouse https://t.co/evf9RPx918,-0.3182,0.099,0.168,0.733
429,29,@nytimes,"‚ÄúI still can‚Äôt believe it worked.‚Äù Inside the Thai soccer team's rescue: floating stretchers, anti-anxiety pills an‚Ä¶ https://t.co/E9RGJxfTSC",0.5106,0.163,0.0,0.837
430,30,@nytimes,"RT @nytimesworld: ""Pakistan is entering another period of prolonged political instability.‚Äù The arrest of former Prime Minister Nawaz Shari‚Ä¶",-0.34,0.0,0.118,0.882
431,31,@nytimes,"The Getty Museum has added a rare illuminated Torah, dating to 1296, to its trove of manuscripts https://t.co/0WC7D9weVF",0.0,0.0,0.0,1.0
432,32,@nytimes,Astronomers traced a neutrino back to a distant galaxy. ‚ÄúWe have found the first source of cosmic rays.‚Äù https://t.co/3PYngOHGLU,0.0,0.0,0.0,1.0
433,33,@nytimes,RT @NYTNational: The volunteers of The √Åguilas del Desierto - Eagles of the Desert - work to find bodies of immigrants who died while makin‚Ä¶,-0.5574,0.0,0.141,0.859
434,34,@nytimes,"Nancy Barbato Sinatra, an Idol‚Äôs First Wife and Lasting Confidante, Dies at 101 https://t.co/Q4xT0ZOktH",0.0,0.0,0.0,1.0
435,35,@nytimes,"""I get discriminated against all the time. No one thinks I‚Äôm a CEO. I sit on a plane and tell somebody, 'Well, I ru‚Ä¶ https://t.co/mjB9vBw1TZ",-0.296,0.0,0.099,0.901
436,36,@nytimes,"‚ÄúShe so ugly I almost threw up. Ew.‚Äù
‚ÄúI was just staring at your bbbooo.....i mean eyes.‚Äù
‚ÄúGo back to the kitchen a‚Ä¶ https://t.co/yRDgH7oKDf",-0.5563,0.0,0.14,0.86
437,37,@nytimes,"RT @NYTMetro: Designs include skulls, flaming hearts with swords piercing them, spiders, roses, jellyfish, an upside-down bat, and a unicor‚Ä¶",0.0,0.0,0.0,1.0
438,38,@nytimes,"Trump Walks in Front of Queen Elizabeth, Causing Social Media Frenzy https://t.co/22TQkfSosk",-0.3182,0.0,0.173,0.827
439,39,@nytimes,No one will win the Nobel Prize in Literature this year. But you ‚Äî along with the librarians of Sweden ‚Äî can help c‚Ä¶ https://t.co/rvMxGcauHt,0.8225,0.316,0.071,0.613
440,40,@nytimes,"Wilbur Ross, the commerce secretary, said he would sell all of his remaining stock holdings after a government watc‚Ä¶ https://t.co/Vnk0WRf50E",0.0,0.0,0.0,1.0
441,41,@nytimes,"A Giant Iceberg Parked Offshore. It‚Äôs Stunning, but Villagers Hit the Road. https://t.co/OU7lo9ldy0",0.2023,0.141,0.0,0.859
442,42,@nytimes,"In 21 trips Tom Price took as health secretary, 20 of them violated federal travel rules, an inspector general said https://t.co/22IkjNMj0U",-0.5267,0.0,0.145,0.855
443,43,@nytimes,RT @nytgraphics: How Russia hacked the D.N.C. and Hillary Clinton‚Äôs presidential campaign in 2016. https://t.co/6oO8BdTmDN,-0.4019,0.0,0.162,0.838
444,44,@nytimes,"Modern Love: What boxing taught me about love
https://t.co/rat4wkU5a2",0.8555,0.545,0.0,0.455
445,45,@nytimes,2 men pleaded guilty to manslaughter charges in the death of a fire chief in an explosion of a Bronx house that had‚Ä¶ https://t.co/0cFXitFTVz,-0.8807,0.0,0.397,0.603
446,46,@nytimes,"Dan Coats, the director of national intelligence, said that the persistent danger of Russian cyberattacks today was‚Ä¶ https://t.co/2LT5knHY2n",-0.0772,0.138,0.151,0.711
447,47,@nytimes,RT @nytopinion: The indictments against 12 Russian agents don't exonerate President Trump. On the contrary -- they should worry anyone work‚Ä¶,-0.6407,0.0,0.216,0.784
448,48,@nytimes,"In the tug of war between workers and investors over how to divvy up the nation's wealth, Americans living on a pay‚Ä¶ https://t.co/T5PibgTyjs",-0.1779,0.118,0.144,0.738
449,49,@nytimes,"A top Uber executive is under scrutiny for his comments on race and women, casting a shadow on the company‚Äôs effort‚Ä¶ https://t.co/5vQLWgA19B",0.2023,0.087,0.0,0.913
450,50,@nytimes,"RT @MikeIsaac: During his first six months on the job, Barney Harford, Uber‚Äôs chief operating officer, has exhibited a pattern of upsetting‚Ä¶",0.0,0.0,0.0,1.0
451,51,@nytimes,"‚ÄúI almost feel like I‚Äôm making up for lost time,‚Äù Kim Gordon says. ‚ÄúI feel like I owe it to myself. Because my whol‚Ä¶ https://t.co/mqeNSBtRWL",0.2831,0.16,0.083,0.757
452,52,@nytimes,RT @katierogers: New QUEEN feature from me (w/ @sewellchan as the unsung editor hero): Queen Elizabeth II has met a dozen presidents. Dance‚Ä¶,0.0,0.0,0.0,1.0
453,53,@nytimes,Evening Briefing: Here's what you need to know at the end of the day https://t.co/gE3aPm7FAX,0.0,0.0,0.0,1.0
454,54,@nytimes,"Linda Daniels relied on an oxygen machine, and died hours after her power was shut off for overdue bills. Her famil‚Ä¶ https://t.co/e9ZDQJliUZ",-0.5574,0.0,0.146,0.854
455,55,@nytimes,A village in Greenland is on alert amid fears that a huge iceberg could break apart and send a flood wave over the‚Ä¶ https://t.co/ZkZKVgxChH,0.1779,0.178,0.111,0.711
456,56,@nytimes,RT @maggieNYT: ‚ÄúThe nation‚Äôs top intelligence officer said on Friday that the persistent danger of Russian cyberattacks today was akin to t‚Ä¶,0.128,0.179,0.125,0.696
457,57,@nytimes,You might get one last opportunity to see Manhattanhenge tonight. Here's what you need to know. https://t.co/QHfEQwO8tl,0.4215,0.149,0.0,0.851
458,58,@nytimes,"The ""plazafication of New York"" ‚Äî closing a street to traffic and turning it into a pedestrian zone ‚Äî was once a pr‚Ä¶ https://t.co/9PVUvCnWk6",0.0,0.0,0.0,1.0
459,59,@nytimes,"A jet black sarcophagus, perfectly sealed despite being 2,000 years old, is a rare find in Egypt, where treasure hu‚Ä¶ https://t.co/N076i3VxO5",0.7506,0.274,0.0,0.726
460,60,@nytimes,RT @ScottCacciola: Conducted an anthropological study at summer league by talking to a bunch of people wearing Kobe jerseys about LeBron. T‚Ä¶,0.0,0.0,0.0,1.0
461,61,@nytimes,New York Gov. Andrew Cuomo appeared to embrace elements of a state Health Department report that favored legalizing‚Ä¶ https://t.co/0mfrTHTs5t,0.6249,0.242,0.0,0.758
462,62,@nytimes,Evening Briefing: Here's what you need to know at the end of the day https://t.co/MDrPmbPkvD,0.0,0.0,0.0,1.0
463,63,@nytimes,"Maggie Smith, Michelle Dockery, Hugh Bonneville and other cast members will return to Highclere castle for a ""Downt‚Ä¶ https://t.co/VoF5OaHxdQ",0.0,0.0,0.0,1.0
464,64,@nytimes,"RT @NYTScience: Manhattanhenge put on a nice show last night. You'll get another chance to watch it on Friday night, and the weather foreca‚Ä¶",0.5859,0.186,0.0,0.814
465,65,@nytimes,"""I know I could run a company. And I could do it really well,"" says Tiler Peck of New York City Ballet. A new docum‚Ä¶ https://t.co/dpzk7W07L4",0.0,0.0,0.0,1.0
466,66,@nytimes,"RT @nytmike: The same day Trump encouraged Russia in the middle of the 2016 campaign to hack Clinton's emails, Russian hackers launched the‚Ä¶",0.4588,0.16,0.0,0.84
467,67,@nytimes,Forget video assistant referees. A translation app was the World Cup's biggest technological advance. https://t.co/UL2kuAqbd5,-0.2263,0.0,0.128,0.872
468,68,@nytimes,RT @nytimesarts: Scarlett Johansson has dropped out of the movie ‚ÄúRub &amp; Tug‚Äù after outcry for taking on the role of a transgender man https‚Ä¶,-0.5106,0.0,0.125,0.875
469,69,@nytimes,‚ÄúHannah Gadsby: Nanette‚Äù has become a word-of-mouth phenomenon. Here's what to read about it. https://t.co/QDm7UvBft2,0.0,0.0,0.0,1.0
470,70,@nytimes,RT @NYTMetro: New York's low rate of organ donor registration is causing a transplant nightmare. https://t.co/EjsyBow8wJ,-0.2732,0.0,0.13,0.87
471,71,@nytimes,"It took plastic cocoons and anti-anxiety pills, bravery and providence, to save the soccer team. ‚ÄúSo many things co‚Ä¶ https://t.co/tPEqGwIXgV",0.7506,0.262,0.0,0.738
472,72,@nytimes,"The marijuana industry is growing and the stock prices of companies that grow, process and sell it have been rising https://t.co/ofyY7GTMpR",0.1779,0.078,0.0,0.922
473,73,@nytimes,"RT @nytgraphics: The Mueller investigation so far:
- More than 100 charges
- 32 people and 3 companies charged 
- 5 guilty pleas
- 25 Russi‚Ä¶",-0.7152,0.0,0.291,0.709
474,74,@nytimes,The idea that a minor loss can be more motivating than a major win have big implications for how the working class‚Ä¶ https://t.co/FTB3y3rvju,0.7178,0.264,0.083,0.652
475,75,@nytimes,It isn't all bad out there. 7 good-news stories that we wrote about this week: https://t.co/ei62GQnv0W,0.431,0.169,0.0,0.831
476,76,@nytimes,"Modern Love: After being assaulted in a park, a young woman sought refuge in marriage. When that didn‚Äôt work, she s‚Ä¶ https://t.co/8bEDadT4sN",0.2023,0.164,0.133,0.703
477,77,@nytimes,European allies have begun to believe that underneath President Trump's bluster there is a strategy: to undercut Eu‚Ä¶ https://t.co/bWlhXjXASV,0.0,0.0,0.0,1.0
478,78,@nytimes,Fact Check: 10 falsehoods from President Trump's news conference with Theresa May https://t.co/rv9qFtSBq0,0.0,0.0,0.0,1.0
479,79,@nytimes,RT @NYTSports: Spot the Ball just crushed our Sports Editor's soul. He sits next to the guy who makes it yet scored 12.3%. No one is safe.‚Ä¶,-0.6124,0.0,0.167,0.833
480,80,@nytimes,üëÄ https://t.co/myKh7yleWb,0.0,0.0,0.0,1.0
481,81,@nytimes,McDonald‚Äôs salads have been linked to an intestinal parasite outbreak in the Midwest that has sickened over 100 peo‚Ä¶ https://t.co/MDiBnhLnuD,-0.5423,0.0,0.156,0.844
482,82,@nytimes,"LeBron James, the longtime nemesis of Kobe Bryant stans, is now the face of the franchise. And they are not impress‚Ä¶ https://t.co/mhtpPetan2",0.0,0.0,0.0,1.0
483,83,@nytimes,The British police have found a possible break in the 4-month-old investigation into an attack on a former Russian‚Ä¶ https://t.co/0ZbvYxwzxr,-0.4767,0.0,0.154,0.846
484,84,@nytimes,"A special election in Ohio will test the power of the rural vote against the kind of affluent, rapidly growing subu‚Ä¶ https://t.co/7AMqkbVqSO",0.5267,0.188,0.0,0.812
485,85,@nytimes,"Fact Check: President Trump's criticisms of London's mayor, Sadiq Khan https://t.co/jT1lc9cgMl",-0.2263,0.0,0.16,0.84
486,86,@nytimes,"12 Russian intelligence officials have been indicted on charges of conspiracy, money laundering and attempts to bre‚Ä¶ https://t.co/h6ewsU29QY",-0.34,0.131,0.233,0.636
487,87,@nytimes,RT @nytopinion: What Boris Johnson calls the ‚Äúmethod‚Äù in Trump‚Äôs ‚Äúmadness‚Äù is a refusal to listen to inconvenient evidence of the sort prov‚Ä¶,-0.34,0.0,0.103,0.897
488,88,@nytimes,"RT @katierosman: Meet the plaintiffs. Men's rights activist in California are filing law suits, lots of them, arguing that their civil righ‚Ä¶",-0.4588,0.0,0.125,0.875
489,89,@nytimes,"RT @anniecorreal: Yeni Gonz√°lez, whose journey to New York we documented in The  Daily, is about to retrieve her three children nearly two‚Ä¶",0.0,0.0,0.0,1.0
490,90,@nytimes,"A ""Downton Abbey"" movie is coming https://t.co/LKOC5QkZ4b",0.0,0.0,0.0,1.0
491,91,@nytimes,"Found: A 2,000-year-old sarcophagus that was perfectly sealed.
Inside: Unclear. https://t.co/7RiNbIVHxf",0.4939,0.296,0.141,0.563
492,92,@nytimes,"Option A: Take a dip at the Astoria Pool.  
Option B: Feast on noodles and dumplings in Chinatown. https://t.co/c4RwOOOkoB",-0.0772,0.0,0.071,0.929
493,93,@nytimes,RT @nytpolitics: The White House has ordered that more lawmakers be given access to classified information about an informant the F.B.I. us‚Ä¶,0.0,0.0,0.0,1.0
494,94,@nytimes,Did you stay up to date this week? Take our news quiz to find out. https://t.co/zW725ZehqS,0.0,0.0,0.0,1.0
495,95,@nytimes,RT @NYTSports: Forget video assistant referees. A translation app was the World Cup's biggest technological advance. https://t.co/HZNC5Ls0lk,-0.2263,0.0,0.112,0.888
496,96,@nytimes,"Confused by the Russia investigation? Here are the key themes, dates and people involved. https://t.co/slPMlSqlxL",-0.3182,0.0,0.141,0.859
497,97,@nytimes,"RT @peterbakernyt: Mueller indictments of Russians tie the hacking directly to the GRU, the Russian military intelligence agency.",0.4767,0.154,0.0,0.846
498,98,@nytimes,Rod Rosenstein is discussing the charges during a news conference as President Trump meets with the queen of Englan‚Ä¶ https://t.co/tdXSXGBWUM,-0.2732,0.0,0.104,0.896
499,99,@nytimes,"Breaking News: Twelve Russian intelligence officers were charged in the hacking of Democrats‚Äô emails, days before P‚Ä¶ https://t.co/5REI9AAjzn",0.3182,0.148,0.086,0.766
